rxn_id,enzyme_id,group,u_sub_26.6C,u_opt_36.6C,u_supra_44.6C
SHK3DrNo1,P15770,default,6.605336563326902e-05,6.603905430948847e-05,6.684641482868604e-05
OMPDCNo1,P08244,default,0.00040257949858740104,0.0004024922744846404,0.0004074129441565289
G5SDNo1,P07004,default,0.00021543030606102103,0.00021538363027345702,0.0002180168030434561
CSNo1,P0ABH7,default,0.001236258834085891,0.0012359909824740686,0.0012511015913670613
ICDHyrNo1,P08200,default,0.0008968604402705205,0.0008966661237504819,0.0009076283162710682
PPANo1,P0A840,default,0.00024131927445946512,0.00024126319902835375,0.00024421659929089784
APRAURNo1,P25539,default,1.3959274168860466e-06,1.3956249709920685e-06,1.4126871853580358e-06
DB4PSNo1,P0A7J0,default,0.00033938078049921053,0.0003393072492236474,0.00034345545031098186
ALARNo1,P29012,default,4.428613255034087e-05,4.427653738170959e-05,4.4817840230191326e-05
RBFKNo1,P0AG40,default,2.2095870526354285e-06,2.2091083167622215e-06,2.2361157725190564e-06
RBFSbNo1,P0AFU8,default,0.00015193105231060724,0.00015189813446517825,0.00015375516524773373
PYKNo2,P0AD61,default,0.0024824243772416724,0.0033706356141691464,0.00286760280267046
SHCHD2No1,P0AEA8,default,5.686170507984562e-07,5.684938524929178e-07,5.754439746094204e-07
A5PISONo2,P17115,default,1.0073235537793264e-05,1.0113757700396491e-05,1.0194176708041054e-05
PMDPHTNo2,P0ADP0,default,1.3035670481246815e-05,1.3032846133100476e-05,1.3192179205482776e-05
GTHOrNo1,P06715,default,0.0,5.354183950318676e-05,7.361136195498726e-20
RBFSaNo1,P61714,default,1.4549374970630672e-07,1.4546222658650415e-07,1.4724057517137187e-07
ACHBSNo1,P08142,default,0.0004797244299165917,0.0004796204913575775,0.000485484092115782
DHAD2No1,P05791,default,0.0002813635581750788,0.000281302597087896,0.0002847416622473113
ACLSNo2,P08142,default,0.0028874678563610176,0.0028868422487632506,0.002922135341330569
PSCVTNo1,P0A6D3,default,0.00034056996965158124,0.0003404961807226011,0.00034465891709318364
PFLNo2,P0A9N4,default,0.007573728269348453,0.007572087322267738,0.007664659882791046
ANSNo1,P00895,default,4.5935963401594855e-05,4.592601077557634e-05,4.648747926255182e-05
ANPRTNo1,P00904,default,0.0014250502920928126,0.001424741536347542,0.0014421597153105102
POXNo1,P07003,default,0.0,0.0017805146397468412,0.0018001976055922935
CHORMNo2,P07023,default,7.200581383978409e-08,7.199021284040937e-08,7.287032925370002e-08
CHORSNo1,P12008,default,0.0006169819629946887,0.0006168482857996738,0.0006243895650850401
IGPSNo1,P00909,default,0.0005867622413965363,0.0005866351116986273,0.000593807019796234
ACKrNo1,P0A6A3,default,3.2578527480041754e-05,0.0001709699631747149,0.00017289188761127736
LEUTAiNo2,P04693,default,3.17052475936201e-05,3.1698378237918024e-05,3.2085906790219046e-05
DMATTNo1,P22939,default,3.5392584081267594e-05,2.838430297469745e-05,3.5817514136840875e-05
GRTTNo1,P22939,default,3.5392584081267594e-05,2.838430297469745e-05,3.5817514136840875e-05
UPP3SNo1,P09126,default,4.809895560635769e-08,4.808853433984339e-08,4.867644076064644e-08
UPPDC1No1,P29680,default,5.35571572141145e-05,5.354555335697794e-05,5.4200174568798425e-05
MOATNo1,P0AC75,default,0.0001221372010709546,0.00012245593225439314,0.00012360360339748523
UDCPDPSNo1,P60472,default,1.2138481836114228e-06,0.0,1.2284218743861044e-06
ECOAH6No1,P77399,default,5.257900935886775e-06,5.257801540387958e-06,5.3210282885479216e-06
USHDNo1,P43341,default,3.583110813325277e-05,3.592461356320437e-05,3.626130319149917e-05
ENONo1,P0A6P9,default,0.019857541641966184,0.02628157182586029,0.022666340057431844
HCO3ENo2,P0ABE9,default,5.5067306808486854e-09,5.507841954381989e-09,5.572845530470605e-09
IMPDNo1,P0ADG7,default,0.007917664532413712,0.007915949067052909,0.00801272550965255
ECOAH4No1,P77399,default,6.729514144860692e-06,6.7342948919733334e-06,6.810309963922497e-06
LPADSSNo1,P10441,default,1.4567995605516354e-06,1.4606012478663593e-06,1.4742901714887624e-06
GLUTRSNo1,P04805,default,0.00016929922962131486,0.0001692625487335429,0.0001713318681787705
TDSKNo1,P27300,default,0.0005596460381085782,0.0005611064993150653,0.0005663652542451862
PGINo1,P0A6T1,default,3.756235674033879e-05,3.757637163257774e-05,3.801333749666134e-05
EDANo1,P0A955,default,0.013706991383705142,0.018108403515366606,0.01563270127893835
PGLNo1,P52697,default,0.0018784470700073765,0.002481629744539673,0.0021423521100795056
DHQTiNo1,P05194,default,6.546183900455225e-05,6.544765584273633e-05,6.624778621943471e-05
IPMDNo1,P30125,default,0.0005004816425318583,0.0005003732066518119,0.0005064905197499324
ADSL2rNo1,P0AB89,default,0.0008155005998348232,0.000815323910986048,0.0008252916542098375
TMDSNo1,P0A884,default,3.222972689665507e-05,3.222274390566659e-05,3.261668309092092e-05
PPCDCNo1,P0ABQ0,default,6.453683491611894e-05,6.452285216845164e-05,6.53116763570881e-05
DHAD1No1,P05791,default,0.0008467763599100217,0.0008465928947596815,0.000856942916973188
EDDNo1,P0ADF6,default,0.005844730489921032,0.007721514896104581,0.006665862934258335
FUMNo3,P05042,default,8.880617011880057e-05,8.878692910295654e-05,8.987239378637925e-05
FMNATNo1,P0AG40,default,2.2095870526354285e-06,2.209108316762222e-06,2.2361157725190564e-06
KARA2No1,P05793,default,0.001171904021609122,0.0011716501133073698,0.0011859741228451893
ACCOACNo1,P0A9Q5,default,0.00016712107020245298,0.00016755719200658862,0.00016912755736613703
NADKNo1,P0A7B3,default,2.2589978161807743e-07,2.2585083748336313e-07,2.28611977103497e-07
GLUTRRNo1,P0A6X1,default,0.0021367008696249394,0.0021362379254935555,0.002162354504216564
HACD6No2,P77399,default,5.257900935886775e-06,5.257801540387958e-06,5.3210282885479216e-06
ECOAH1No1,P77399,default,6.729514144860689e-06,6.734294891973331e-06,6.810309963922492e-06
ECOAH2No1,P77399,default,6.729514144860691e-06,6.7342948919733334e-06,6.810309963922493e-06
ARGSSNo1,P0A6E4,default,0.041661515829899264,0.04165248931873646,0.04216171186521095
G1SATNo1,P23893,default,0.000330513515132601,0.0003304419050657222,0.0003344817228800398
KDOCT2No1,P04951,default,9.517691968692598e-05,9.555979315406147e-05,9.631963177822272e-05
ECOAH3No1,P77399,default,6.729514144860692e-06,6.7342948919733334e-06,6.810309963922495e-06
EDTXS1No1,P0ACV0,default,0.0,2.8829027770095265e-08,4.955300887311036e-24
DXPSNo1,P77488,default,0.0001317705895698896,0.00010122751676183018,0.00013335265217996283
CDPMEKNo1,P62615,default,0.00019108317838358553,0.00014266158704509074,0.00019337735914821093
EDTXS2No1,P24205,default,0.0,2.5255826198311257e-09,4.341118228762646e-25
MECDPSNo1,P62617,default,2.9001895465291875e-05,2.165264608530175e-05,2.9350097705159293e-05
UAGDPNo1,P0ACC7,default,2.732074042727883e-05,2.734662010002998e-05,2.7648758401932008e-05
UAGCVTNo1,P0A749,default,0.0005085922473820816,0.0005084820542336362,0.0005146985020553263
NNDPRNo1,P30011,default,0.0010340537134526226,0.0010338296722206292,0.0010464687578283437
PPCNo1,P00864,default,0.0016449914534608081,0.0016446350445922882,0.0016647415318425715
HACD4No2,P77399,default,6.729514144860692e-06,6.734294891973332e-06,6.810309963922496e-06
HACD5No2,P77399,default,6.729514144860695e-06,6.734294891973331e-06,6.8103099639225e-06
HACD7No1,P77399,default,5.257900935886775e-06,5.256761743023881e-06,5.321028288547923e-06
HPPK2No1,P26281,default,4.468770667522629e-06,4.4678024500327e-06,4.5224235729957445e-06
PTPATiNo1,P0A6I6,default,4.805221123970163e-06,4.804180010092247e-06,4.862913517232274e-06
DXPRIiNo1,P45568,default,5.291205240532829e-06,3.950382987038266e-06,5.354732450971769e-06
GTPCII2No1,P0A7I7,default,0.00012594441163463592,0.00012591712413407703,0.00012745652405094334
SADT2No1,P21156,default,0.0007274125461129408,0.0007272549426907723,0.0007361459986615061
OPHBDCNo1,P0AAB4,default,4.454159685601293e-08,4.453194633770797e-08,4.5076371688613714e-08
AACPS1No1,P0A6A8,default,0.0,5.196871251114058e-07,8.932684420457747e-23
SDPDSNo1,P0AED7,default,0.00026046569152341273,0.00026040925823179496,0.0002635928918578093
G1PTTNo1,P37744,default,0.0,1.1311239512288126e-07,1.944241603942417e-23
TDPGDHNo1,P27830,default,0.0,8.653684370868657e-07,1.4874455768486897e-22
ADCSNo1,P00903,default,4.0232440207385853e-05,4.022372332411539e-05,4.07154784906183e-05
ADCLNo1,P28305,default,1.0759435935546302e-07,1.0757104763322521e-07,1.0888615757502555e-07
TDPDRENo1,P37745,default,0.0,5.817359221698155e-08,9.999215215641457e-24
TDPDRRNo1,P37760,default,0.0,1.2025123713643866e-07,2.0669481705539003e-23
UMPKNo2,P0A7E9,default,4.365940598118068e-05,4.365629712853387e-05,4.418358906335687e-05
UAPGRNo1,P08373,default,0.00010168362998771072,0.00010166159890211834,0.00010290446287299552
CTPS2No1,P0A7E5,default,0.0013428020078637584,0.0013425110722827566,0.001358923942631671
PAPPT3No1,P0A6W3,default,0.0004032570041447136,0.0004031696332515312,0.00040809858397364756
UAGPT3No1,P17443,default,0.0001455923654872161,0.00014556082100098915,0.00014734037495201072
GMHEPPANo1,P63228,default,0.0,2.5449373213880714e-07,4.374386214961816e-23
S7PINo1,P63224,default,0.0,2.018350651231812e-05,0.0
TRPS3No1,P0A877,default,4.2995233934681675e-06,4.298591845608402e-06,4.351144284170353e-06
AGMHENo1,P67910,default,0.0,1.438376876484534e-06,2.472365793662045e-22
GMHEPATNo1,P76658,default,0.0,5.8868084642087954e-08,1.0118588611019373e-23
ACODANo1,P23908,default,6.393631452106001e-06,6.392246188403431e-06,6.470394600058781e-06
HBZOPTNo1,P0AGK1,default,0.00703189279005937,0.007030369238707844,0.0071163190243011916
PNTKNo1,P0A6I3,default,4.169848121041662e-05,4.168944669018316e-05,4.2199121059106126e-05
ADSSNo1,P0A7D4,default,0.00934926704628618,0.009347241405554681,0.009461516113957912
OCTDPSNo1,P0AD57,default,7.616998871774104e-06,7.615348549553315e-06,7.708450000249382e-06
DPCOAKNo1,P0A6I9,default,0.0006148859880401547,0.0006147527649649825,0.0006222684254594059
ASNS2No1,P00963,default,0.005712068275881687,0.005710830681736877,0.00578064844748877
ASPCTNo2,P0A786,default,5.297582920276772e-05,5.296435129794041e-05,5.3611867023445286e-05
KDOPSNo1,P0A715,default,2.327294006169996e-05,2.336656140688712e-05,2.355235937991291e-05
KDOPPNo1,P0ABZ4,default,6.522795744368106e-05,6.549035356138251e-05,6.601109663232751e-05
DMPPSNo1,P62623,default,2.2324533793050514e-05,1.7903929520823008e-05,2.259256636630219e-05
MCOATANo1,P0A6A8,default,8.254677251562803e-07,8.276218788672086e-07,8.353784467221196e-07
IPDPSNo1,P62623,default,0.0001695219094860784,0.00012532750664576107,0.00017155722158008604
DAPENo1,P0A6K1,default,0.00016980541303985197,0.0001697686224808486,0.00017184412893112648
DHDPRyNo1,P04036,default,0.0010889987632679804,0.0010887628174725118,0.00110207348829887
HSKNo1,P00547,default,0.007865312676483058,0.007863608553834998,0.00795974510744249
THRSNo1,P00934,default,0.050420875127517244,0.05040995078683632,0.051026237686545524
HSSTNo1,P07623,default,0.00029046864781964043,0.0002904057139959485,0.0002939560693194952
PPNDHNo1,P0A9J8,default,1.645695635238904e-07,1.64533907380022e-07,1.6654541681602023e-07
DTMPKNo1,P0A720,default,3.168376068696346e-05,3.167689598668015e-05,3.20641619076989e-05
TRDRNo1,P0AA25,default,0.008711402921183197,0.0013914595316725429,0.008815993671576667
DDPANo2,P0AB91,default,0.00023018683155935575,0.0002301369585779433,0.0002329504981766976
RHCCENo1,P45578,default,4.1994144957262215e-05,4.1985046377660954e-05,4.2498334600761715e-05
GALUiNo1,P0AEP3,default,0.0,1.5041932061080508e-07,2.5854947271744286e-23
AACPS3No1,P0A6A8,default,0.001206200037231001,0.0012059386982498385,0.0012206819029144077
U23GAATNo1,P21645,default,0.0001182674146828052,0.00011857604721010675,0.00011968735562236281
UAAGDSNo1,P22188,default,0.002211870124895676,0.0022113908943642052,0.002238426255777097
AACPS4No1,P0A6A8,default,0.0014216806594210126,0.0014213726337506405,0.0014387496261918115
UAMASNo1,P17952,default,0.002890612129707939,0.002889985840862313,0.0029253173654177293
UAMAGSNo1,P14900,default,0.0015216025352430575,0.0015212728601941277,0.0015398711829455632
P5CRNo1,P0A9L8,default,3.016973117571247e-06,3.0163194509683593e-06,3.0531954671903173e-06
DHPPDA2No1,P25539,default,3.172653681812919e-08,3.171966284984494e-08,3.210745161717799e-08
ASP1DCNo1,P0A790,default,2.7825194659408227e-05,2.781916596778707e-05,2.815926920696183e-05
UGMDDSNo1,P11880,default,5.453190603496131e-05,5.452009098577866e-05,5.518662640826808e-05
UHGADANo1,P0A725,default,0.000776671698166553,0.0007786985129889759,0.000785996565407291
UAGAATNo1,P0A6A8,default,6.210610508221771e-05,6.226817816231159e-05,6.285176272121512e-05
ATPPRTNo1,P60757,default,0.0022708980331397,0.002270406013441487,0.0022981628642469343
HISTDNo1,P06988,default,0.005843557812014711,0.00584229172894572,0.0059137166718511705
DHDPSNo1,P0A6L2,default,0.00018144149625819308,0.00018140218458988848,0.00018361991716442982
G1PACTNo1,P0ACC7,default,1.0569645524375828e-05,1.0579657660320477e-05,1.0696546686770606e-05
GARTNo1,P33221,default,5.759215151375584e-05,5.7579673422444164e-05,5.828361377283872e-05
GF6PTANo1,P17169,default,0.0007128439091023854,0.0007135191531404934,0.0007214024478407478
IGPDHNo1,P06987,default,7.401492130042312e-06,7.399888500169456e-06,7.490355843834039e-06
PRATPPNo1,P06989,default,0.00042237462286111234,0.0004222831098863154,0.00042744573243460915
PRMICINo1,P10371,default,0.0003345260633034584,0.0003344535838656725,0.0003385424464628231
GLUPRTNo1,P0AG16,default,0.000764126606764133,0.000763961048761484,0.0007733008552658974
SERATNo1,P0A9D4,default,7.030103374926127e-05,7.028580211274349e-05,7.114508125111576e-05
CYSSNo1,P16703,default,0.0006527317482401717,0.0006525903253875823,0.0006605685690108056
NADS1No1,P18843,default,3.3634359956523e-05,3.362707263349138e-05,3.403818044087188e-05
BPNTNo1,P22255,default,0.0011432641963268135,0.0011430164932170082,0.0011569904424060826
PAPSRNo2,P0AA25,default,0.016902792063217265,0.0026998580298761106,0.017105730180261278
ASPKNo3,P08660,default,0.004535511954101858,0.004534529276240299,0.004589966168077588
DAPDCNo1,P00861,default,0.001963928198882076,0.0019635026882049663,0.0019875074921254727
OCBTNo2,P06960,default,6.214328941403835e-06,6.212982525930426e-06,6.288939349515343e-06
PPNDNo1,P07023,default,1.1945568891955108e-07,1.1942980728543353e-07,1.2088989650424248e-07
METATNo1,P0A817,default,6.049175434456407e-05,6.04786480164566e-05,6.121802978340644e-05
PRAMPCNo1,P06989,default,0.0004223746228611124,0.0004222831098863153,0.0004274457324346091
TMPKNo1,P0AGG0,default,0.00024080665703576592,0.0002407544831305559,0.0002436978272854932
PDX5PSNo1,P0A794,default,8.152111237243674e-06,8.150344975944304e-06,8.249987025943676e-06
PPBNGSNo1,P0ACB2,default,4.980961698779773e-05,4.979882508416779e-05,5.040764066603867e-05
SULRNo1,P17846,default,0.00019674902985225508,0.00019670640160700592,0.00019911123590076626
CBMKrNo1,P37306,default,0.00012056575582965096,0.00012053963368504894,0.0001220132910875272
PPNCL2No1,P0ABQ0,default,1.9583288134196453e-05,1.957904515920655e-05,1.981840879384048e-05
PRAGSrNo1,P15640,default,0.0025717415486796926,0.0025711843473070926,0.002602618363910369
PRFGSNo1,P15254,default,0.02423801399763763,0.024232762515553247,0.02452902017597924
NNATrNo1,P0A752,default,1.97062647615516e-05,1.9701995142113336e-05,1.994286190182731e-05
AIRC2No1,P09029,default,0.0058096141223935895,0.00580835539366755,0.005879365447876032
GAPDNo1,P0A9B2,default,0.0880192268254976,0.11649395849595989,0.10046932106654342
HEX1No1,P0A6V8,default,0.014937559514725293,0.01968830942190248,0.01701778527982589
MOAT2No1,P0AC75,default,0.0001221372010709546,0.00012245593225439314,0.00012360360339748523
G6PDH2rNo1,P0AC53,default,0.002780281002676049,0.003673048948029382,0.0031708856575200744
ARGSLNo1,P11447,default,9.852972352331104e-06,9.85083757727183e-06,9.971269001132697e-06
GLU5KNo1,P0A7B5,default,0.0009433872962527729,0.0009431828990821262,0.0009547137824823112
IPPSNo1,P09151,default,0.003851697930607641,0.003850863409979341,0.003897942144139725
MOHMTNo1,P31057,default,4.714916731205666e-05,4.713895182953768e-05,4.7715249128558115e-05
SPODMNo2,P0AGD3,default,6.656775896592394e-05,6.016512870569193e-05,7.691318613828347e-05
AHCYSNSNo1,P0AF12,default,8.10388151217914e-06,8.102125700479849e-06,8.201178245682013e-06
TMKNo1,P75948,default,2.2603593442204398e-07,2.2598696078667305e-07,2.287497645836133e-07
GMPSNo1,P04079,default,0.011584350328595866,0.011581840427900432,0.011723434228703677
CATNo1,P21179,default,0.0005099196810098012,0.0006862981155706843,0.0005886985463045414
CHRPLNo1,P26602,default,4.777909157588102e-06,4.776873961209e-06,4.8352736382148435e-06
ACACT7rNo2,P21151,default,0.015747973434982,0.015744561430997728,0.01593704658125284
ADK3No1,P69441,default,8.20732904096774e-05,8.207152579484796e-05,8.305867785058665e-05
ACACT2rNo2,P21151,default,0.020155611769001172,0.020169930615903636,0.020397603854389962
ADSKNo1,P0A6J1,default,3.935587937406272e-05,3.9347352409130734e-05,3.982839350219693e-05
ACACT3rNo2,P21151,default,0.02015561176900118,0.020169930615903636,0.020397603854389965
ACACT4rNo2,P21151,default,0.020155611769001186,0.020169930615903636,0.020397603854389972
CYSTLNo1,P06721,default,0.00028478229900795416,0.0002847205972059495,0.0002882014491289514
SHSL1No1,P00935,default,0.00010251647995659585,0.00010249426842318759,0.00010374731219606033
THMabcppNo1,P31548,default,3.794373121149182e-08,3.793551020689043e-08,3.8399290821814485e-08
GMHEPKNo1,P76658,default,0.0,5.886808464208797e-08,1.0118588611019375e-23
GTPCINo1,P0A6T5,default,0.00920657820706697,0.009204583481737411,0.009317114125561174
UDCPDPNo1,P75806,default,0.00013414912003328127,0.0001338545948561706,0.00013575973972976963
ATPS4rppNo2,P0A6E6,default,0.062106408399957555,0.0,0.03479514932590935
CYTK1No1,P0A6I0,default,7.971155486695346e-05,7.950055556730632e-05,8.066858686443955e-05
GK1No1,P60546,default,0.00012367990281692324,0.0001236531059517313,0.0001251648271122693
HACD1No1,P21177,default,1.2076041820735337e-06,1.2084620820767713e-06,1.2221029061853781e-06
HACD2No2,P77399,default,6.729514144860689e-06,6.734294891973332e-06,6.810309963922493e-06
ECOAH5No1,P77399,default,6.729514144860696e-06,6.734294891973332e-06,6.8103099639225e-06
DHFSNo1,P08192,default,5.5799630415004305e-06,5.5787540696797905e-06,5.646957132690851e-06
METSNo1,P13009,default,0.004888167925605757,0.004887108840225234,0.004946856193846131
ASPO6No1,P10902,default,4.803976862818541e-05,4.80293601853665e-05,4.8616543172446654e-05
ACACT5rNo1,P21151,default,0.020155611769001196,0.020169930615903636,0.02039760385438998
PRASCSiNo1,P0A7D7,default,0.0003028688151338612,0.00030280319465205303,0.0003065051153868253
DHPS2No1,P0AC13,default,0.0003644902805335335,0.00036441130895705794,0.0003688664197499538
QULNSNo1,P11458,default,0.00021122309753900397,0.00021117733329834368,0.00021375908198063243
ACACT6rNo2,P21151,default,0.015747973434982004,0.015747675734874303,0.015937046581252837
GLCTR1No1,P25740,default,0.0,6.178434504839438e-07,1.0619852402995766e-22
GLCTR3No1,P27129,default,0.0,5.704455031739183e-07,9.805148930384863e-23
HEPT4No1,P27242,default,0.0,6.358715727913641e-08,1.0929730249651535e-23
LA4NTppNo1,P76473,default,0.0,1.0759865355043358e-09,1.091009263823364e-25
PAPSR2No1,P17854,default,0.0,0.033645172479527426,0.0
R15BPKNo1,P16690,default,0.011533712129882757,0.011531213200613597,0.011672188058204193
FACOAE160No1,P0AGG2,default,7.913974105545676e-05,7.912259439764007e-05,8.008990774821837e-05
FACOAE140No1,P0AGG2,default,0.0,3.409708443185445e-08,0.0
MOBDabcppNo2,P0AEB0,default,1.5502155438385627e-09,1.5498796694078686e-09,1.5688277247316572e-09
DNTPPANo1,P0AFC0,default,1.9359990941122256e-06,1.9355796346405112e-06,1.959243065244451e-06
ACGKNo1,P0A6C8,default,0.0003455079079341614,0.00034543304913640336,0.0003496561411963192
HMBSNo1,P06983,default,0.00046858445130729,0.00046848292637000256,0.00047421036481724426
MEPCTNo1,Q46893,default,2.2046178046661646e-06,1.6459548009515233e-06,2.231086862819796e-06
HSTPTNo1,P06986,default,2.3331609412346515e-06,2.3326554314647546e-06,2.3611733125874975e-06
THDPSNo1,P0A9D8,default,0.0004978614947397377,0.0004977536265489078,0.0005038389139680715
THRD_LNo1,P04968,default,5.1922884392659636e-08,5.1911634622068273e-08,5.254628035888408e-08
DHFRNo2,P0ABQ4,default,3.7780786285508024e-05,3.7772600585051706e-05,3.823438954824436e-05
PRAIiNo1,P00909,default,0.0001091371089859921,0.00010911346300689324,0.00011044742974923694
HACD3No2,P77399,default,6.729514144860691e-06,6.734294891973332e-06,6.810309963922495e-06
SHKKNo2,P0A6E1,default,0.00040425853228650714,0.0004041709443991812,0.00040911213665165423
IG3PSNo1,P60595,default,2.8832943580265254e-05,2.882669654671643e-05,2.917911735186056e-05
PDHNo1,P0A9P0,default,0.0066892100721133545,0.0,0.0
MTHFR2No1,P0AEZ1,default,0.00018020149196123987,0.00018016244895605074,0.00018236502514146018
DUTPDPNo2,P52006,default,5.569185705441491e-07,5.567979068670445e-07,5.636050401895406e-07
DPRNo1,P0A9J4,default,1.7713078384669404e-06,1.7709240615035736e-06,1.7925744952489412e-06
GLNSNo1,P0A9C5,default,0.05255553060541026,0.05254783465372669,0.05318652224167288
ACACT1rNo1,P76461,default,9.340119587475543e-06,9.346754947590458e-06,9.452258829025631e-06
ACGSNo1,P0A6C5,default,0.03618554978381805,0.03617770971217042,0.03662000033552961
ALAALArNo2,P07862,default,0.00011346961672878593,0.00011344503205533759,0.00011483195439906686
MOAT3CNo1,P27241,default,0.0,4.389245748031118e-07,7.544490755393645e-23
ADNK1No1,P69441,default,1.2557077147233982e-07,1.2554356492576972e-07,1.2707839789423815e-07
RHAT1No1,P27126,default,0.0,5.596975445943064e-08,9.620406770120967e-24
GALT1No1,P27127,default,0.0,5.965364381010444e-07,1.0253615087575202e-22
GLCTR2No1,P27128,default,0.0,5.760389226912164e-07,9.901291876718004e-23
HEPK1No1,P25741,default,0.0,5.311305030658487e-08,9.129379853212626e-24
HEPK2No1,P27240,default,0.0,4.724400155979136e-08,8.1205736355841e-24
CPPPGO2No1,P32131,default,2.5343273265960453e-08,2.5337782315027877e-08,2.564754939602762e-08
PPPGONo1,P0ACB4,default,3.1444695462638134e-05,3.143788255895112e-05,3.18222264210942e-05
SHCHFNo1,P0AEA8,default,5.68617050798456e-07,5.684938524929178e-07,5.754439746094204e-07
SUCOASNo1,P0A836,default,0.0009422682988965818,0.000942064144171318,0.0009535813502323116
PRAISNo1,P08178,default,0.007996522969624756,0.007994790418553681,0.008092530736170242
AACPS7No1,P0A6A8,default,0.0007355071904085735,0.0007379462688016265,0.0007443378287868718
PANTSNo1,P31663,default,2.9507714222398723e-05,2.9501320990956215e-05,2.986198941791315e-05
ECOAH7No1,P77399,default,5.257900935886775e-06,5.256761743023881e-06,5.321028288547923e-06
GCALDDNo1,P25553,default,5.938775113026536e-08,5.9374883998880034e-08,6.010077169783762e-08
HISTPNo1,P06987,default,3.4585415741935778e-06,3.457792236021294e-06,3.5000654781829452e-06
QMO2No1,P0ADU2,default,0.00013884786866082382,0.00012549318195863838,0.0001604264907382654
UPP3MTNo1,P0AEA8,default,5.686170507984562e-07,5.684938524929178e-07,5.754439746094204e-07
DHQSNo1,P07639,default,1.1490396414531832e-06,1.1487906870178132e-06,1.1628352286185062e-06
DASYN160No1,P0ABG1,default,0.0004364926085139707,0.0004363980366933168,0.0004417332212922711
DASYN161No1,P0ABG1,default,0.0005144694746727957,0.0005143580081463493,0.0005206462924480034
FACOAE161No1,P0AGG2,default,9.327759557064476e-05,9.325738576212274e-05,9.439750401752747e-05
ADSL1rNo1,P0AB89,default,0.0005450651706104677,0.0005449470751271059,0.0005516093260954331
AICARTNo1,P15639,default,0.007015404606456236,0.0070138846274840775,0.0070996328804493174
MPTGNo1,P0ABG4,default,1.770615958884129e-05,1.770232331826891e-05,1.791874308827744e-05
MCTP1AppNo1,P02918,default,0.000934667730655498,0.0009344652226925441,0.0009458895281320102
5DOANNo1,P0AF12,default,5.267371281652641e-06,5.266230036914929e-06,5.330612337075458e-06
K2L4AabcppNo1,P60752,default,8.536078799684355e-06,8.534229346801113e-06,8.638564575529459e-06
FACOAE120No1,P0AGG2,default,4.825721007850838e-05,4.841723994626011e-05,4.883659526590832e-05
PSSA161No1,P23830,default,2.370375884198952e-05,2.36986231132594e-05,2.3988350651926455e-05
PSD160No1,P0A8K1,default,1.2131358161811805e-05,1.212872974472984e-05,1.2277009541378968e-05
PSD161No1,P0A8K1,default,1.4298554749467404e-05,1.4295456780958887e-05,1.4470225900982196e-05
COLIPAabcppNo1,P60752,default,0.0,2.412533995034445e-08,4.1468036805123976e-24
ACONTbNo1,P36683,default,0.037498403041627264,0.037490278523186184,0.03794861595775167
SUCDiNo1,P07014,default,0.00010282657296543856,0.00010280429424633249,0.00010406112824019137
FADRx2No1,P17846,default,0.0005798300207368913,0.0005801565639597796,0.0005867915695847884
G3PAT160No1,P0A6A8,default,0.00010722975881569691,0.0,0.00010851717957220577
G3PAT161No1,P0A6A8,default,0.00012638573165079495,0.0,0.00012790314263866684
AGPAT160No1,P26647,default,2.1508353346858823e-06,2.1503693281383233e-06,2.1766586703371984e-06
3OAS140No1,P0A953,default,0.08041180009133418,0.08062164400441553,0.08137723936536785
3OAR140No1,P0AEK2,default,0.006540051508389578,0.006557118530875272,0.0066185726032193274
PE160abcppNo1,P60752,default,2.7997601383792008e-05,2.7991535338032787e-05,2.833374587905204e-05
PE161abcppNo1,P60752,default,3.2999210055482055e-05,3.299206034592407e-05,3.339540481002634e-05
ACONTaNo1,P36683,default,0.036790819779754895,0.03678284856846274,0.03723253731746612
PSSA160No1,P23830,default,2.01110387260712e-05,2.01066814070457e-05,2.0352495659079882e-05
AGPAT161No1,P26647,default,2.5350695593923583e-06,2.534520303485065e-06,2.5655060837863494e-06
NADH16ppNo1,P0AFC3,default,0.0019260991905494839,0.0009253206619310076,0.002139952044182973
POR5No2,P52647,default,0.0,0.0002874467489999958,0.0002925885888779345
THRANo1,P0A825,default,0.00022836805429510252,0.00022831857537551796,0.00023110988432877128
K2L4AabctexNo1,P0A9V1,default,3.5490244362955264e-06,3.5482554938302047e-06,3.5916346946333967e-06
SCYSDSNo1,P77444,default,0.00010818406401602803,0.00010816062452656007,0.00010948294234118695
S2FE2SSNo1,P77444,default,3.0012942435392397e-06,3.0006439739690267e-06,3.037328349632535e-06
ACPPAT161No1,P0A6A8,default,0.0,8.401659688614144e-07,5.672323202308624e-22
APG3PAT160No1,P60782,default,0.0,0.00027539720298272284,0.0
APG3PAT161No1,P60782,default,0.0,0.0003245953117676767,0.0
MECDPDH5No1,P0ABY4,default,0.0006586893198327182,0.0004917736063001304,0.0006665976683341802
RNTR1c2No4,P0ABY4,default,1.5913710112320209e-06,1.5910262199321625e-06,1.6104773124472278e-06
RNTR2c2No2,P0ABY4,default,1.643127364154074e-06,1.6427713591648448e-06,1.6628550619271865e-06
RNTR3c2No3,P0ABY4,default,1.643127364154074e-06,1.642771359164841e-06,1.662855061927195e-06
RNTR4c2No4,P0ABY4,default,1.5913710112320209e-06,1.5910262199321625e-06,1.6104773124472272e-06
FLDR2No1,P0ABY4,default,7.992237861874498e-06,0.0,0.0
S2FE2SS2No1,P77444,default,2.7284493123083998e-06,2.727858158153658e-06,2.7612075905750317e-06
PYK4No1,P21599,default,5.627910609420193e-06,5.613013331365005e-06,5.6954803681734485e-06
ACOAD1frNo1,P0A9U8,default,0.00011874128571034582,0.00011882564128886027,0.00012016691603504697
ACPPAT160No1,P0A6A8,default,0.0,7.128240904209629e-07,3.5884259945978347e-22
DHNPA2rNo1,P0AC16,default,0.00019858716194626522,0.00019854413544574033,0.00020097143695628348
PYK2No1,P21599,default,1.322328750189805e-05,1.323068094239831e-05,1.3382048791555421e-05
PYK3No1,P21599,default,7.711969721113256e-05,7.711324666050336e-05,7.804561087560644e-05
PYK6No1,P21599,default,8.135771727876833e-07,8.151106403954433e-07,8.233451341338333e-07
4HTHRKNo1,P00547,default,3.564877140836465e-07,3.5641047636757967e-07,3.6076777297420625e-07
OPHHXyNo1,P25535,default,3.0379621896777765e-07,3.037303975518637e-07,3.0744365380646157e-07
DHORTS_REVNo1,P05020,default,0.010046391090940604,0.010044214409187149,0.010167009961684442
TRPAS2_REVNo1,P0A853,default,0.0001322394329476289,0.00013221078154851661,0.0001338271245799338
PPM_REVNo1,P0A6K6,default,0.0007378596275769559,0.000737699760658157,0.0007467185097606809
ASPTA_REVNo2,P04693,default,0.0005786115342358855,0.0005784861704950522,0.0005855584537045145
ILETA_REVNo1,P0AB80,default,0.00012808802980685406,0.00012806027786341556,0.00012962587890821324
VALTA_REVNo1,P0AB80,default,0.00044318367486544834,0.0004430876533379389,0.0004485046218513346
IPPMIb_REVNo1,P0A6A6,default,5.472757031658873e-07,5.471571287418569e-07,5.538463987225173e-07
ORPT_REVNo1,P0A7E3,default,0.00472570760541077,0.004724683719179012,0.00478244534433318
PTAr_REVNo2,P77218,default,9.810210265557733e-05,0.0005148333634373539,0.000520620759091974
IMPC_REVNo1,P15639,default,0.007015404606456234,0.0070138846274840775,0.0070996328804493174
PGK_REVNo1,P0A799,default,0.002707919366736443,0.003583947027214957,0.00309094762691261
RPE_REVNo1,P0AG07,default,2.842165024039236e-05,2.8422208070397e-05,2.8762885946394118e-05
AIRC3_REVNo1,P0AG18,default,0.000990008068014284,0.000989793569844876,0.0010018942920435416
TALA_REVNo1,P0A870,default,0.0005889535476118842,0.0005894274436420307,0.0005960246352483354
PUNP1_REVNo1,P0ABP8,default,3.7417094609170006e-07,3.7408987707260715e-07,3.786633132088266e-07
TKT1_REVNo1,P27302,default,0.00022703746789373897,0.0002269671977874477,0.0002297633226555352
ALCD2x_REVNo2,P39451,default,0.0,6.930849934387352e-05,4.650077564639813e-20
IPPMIa_REVNo1,P0A6A6,default,5.472757031658873e-07,5.471571287418569e-07,5.53846398722517e-07
MDH_REVNo1,P61889,default,0.0,0.00483074590298596,0.0
KARA1_REVNo1,P05793,default,0.003526898181194463,0.0035261340326710956,0.0035692427875305454
AGPR_REVNo1,P11446,default,0.013963924459867902,0.013960898993379156,0.014131577976862717
PGAMT_REVNo1,P31120,default,0.0011030571858896257,0.0011041020609021681,0.0011163006990003053
GLUR_REVNo1,P22634,default,0.00013742772070218898,0.00013739794519281815,0.00013907770389813947
GHMT2r_REVNo1,P0A825,default,0.01058456983879631,0.010582276553592911,0.01071165018533152
SDPTA_REVNo2,P50457,default,0.0006789716216521627,0.0006788245135885219,0.0006871234833037215
PGMT_REVNo3,P77366,default,0.0,7.100605541767115e-08,1.2204933590602624e-23
G3PD2_REVNo1,P0A6S7,default,0.00016578637982708695,0.0001657504600440847,0.00016777684244579627
ASAD_REVNo1,P0A9Q9,default,0.0011321645715730454,0.0011319192733418013,0.0011457575534591195
PHETA1_REVNo1,P04693,default,1.3038070496556876e-05,1.3035245628413359e-05,1.3194608035832188e-05
ACOTA_REVNo4,P50457,default,0.0005414017295573501,0.0005412844278063683,0.0005479019010763404
HSDy_REVNo1,P00562,default,0.018027000242614024,0.018023094457726187,0.018243435815595885
TKT2_REVNo1,P27302,default,0.0006650644563119267,0.000665152235648551,0.0006730493459072336
MTHFC_REVNo1,P24186,default,0.0013044750722433602,0.0013041924406931944,0.0013201368465763728
MTHFD_REVNo1,P24186,default,0.0013044750722433604,0.0013041924406931944,0.0013201368465763728
GLUDy_REVNo1,P00370,default,2.794637650778106e-05,2.7940321560559477e-05,2.828190598749605e-05
TYRTA_REVNo1,P04693,default,9.704480124155096e-06,9.70237752187515e-06,9.820993947192222e-06
PGM_REVNo1,P62707,default,0.0015473926037274765,0.0020479831084288195,0.0017662673250710124
TPI_REVNo1,P0A858,default,8.214458048352647e-07,8.212678278803074e-07,8.313082384653769e-07
RPI_REVNo2,P37351,default,5.804392772511586e-07,5.803279745339606e-07,5.874081409479788e-07
ACOAD7f_REVNo1,Q47146,default,0.0006187509884638394,0.0006186169279863671,0.0006261798298084135
ACOAD5f_REVNo1,Q47146,default,0.0017253353635135798,0.0017265610674618722,0.0017460500660687168
ACOAD3f_REVNo1,Q47146,default,0.0017253353635135785,0.0017265610674618728,0.0017460500660687148
ACOAD2f_REVNo1,Q47146,default,0.0017253353635135785,0.0017265610674618728,0.0017460500660687148
ACOAD4f_REVNo1,Q47146,default,0.0017253353635135792,0.0017265610674618728,0.001746050066068716
ACOAD6f_REVNo1,Q47146,default,0.0013480382427704057,0.0013480127594196923,0.001364223044764536
CTECOAI7_REVNo1,P21177,default,0.0003686581491307347,0.0003685782745310686,0.00037308432856533394
VPAMTr_REVNo1,P09053,default,0.0027756993622527724,0.002775097970758035,0.002809024933551827
4HTHRA_REVNo1,P75823,default,4.446908353107246e-06,4.445944872372332e-06,4.500298775498506e-06
