i,j,t,logl
0,1,0.0,-8.06210208277204
0,1,0.025,-8.173390690106652
0,1,0.05,-8.293772970457029
0,1,0.07500000000000001,-8.479081418454744
0,1,0.1,-8.684473835309415
0,1,0.125,-8.903382307971349
0,1,0.15000000000000002,-9.116434517456653
0,1,0.17500000000000002,-9.314888254413837
0,1,0.2,-9.511210158425975
0,1,0.225,-9.700800170105808
0,1,0.25,-9.913506074693533
0,1,0.275,-10.108582704776854
0,1,0.30000000000000004,-10.299059741515691
0,1,0.325,-10.474805242840208
0,1,0.35000000000000003,-10.636486340770297
0,1,0.375,-10.71731348355879
0,1,0.4,-10.718641410563702
0,1,0.42500000000000004,-10.718535200857454
0,1,0.45,-10.716728394697947
0,1,0.47500000000000003,-10.712757476508894
0,1,0.5,-10.709982156738981
0,1,0.525,-10.770396352428467
0,1,0.55,-10.864476864921535
0,1,0.5750000000000001,-10.873278903486417
0,1,0.6000000000000001,-10.880593296865499
0,1,0.625,-10.803542867143303
0,1,0.65,-10.692118002094524
0,1,0.675,-10.579415064470968
0,1,0.7000000000000001,-10.464271823969378
0,1,0.7250000000000001,-10.34762938221403
0,1,0.75,-10.187398866618356
0,1,0.775,-9.968372659124299
0,1,0.8,-9.756366225321962
0,1,0.8250000000000001,-9.633408264295623
0,1,0.8500000000000001,-9.423656978341437
0,1,0.875,-9.226250282429085
0,1,0.9,-9.040872280445434
0,1,0.925,-8.868307711645592
0,1,0.9500000000000001,-8.708382722848022
0,1,0.9750000000000001,-8.56286276682658
0,1,1.0,-8.29954923777672
0,2,0.0,-8.062102082660605
0,2,0.025,-8.180114642328583
0,2,0.05,-8.205447689820232
0,2,0.07500000000000001,-8.235069608948802
0,2,0.1,-8.267193228206693
0,2,0.125,-8.319883517352267
0,2,0.15000000000000002,-8.363510085140161
0,2,0.17500000000000002,-8.392307270658781
0,2,0.2,-8.42161418015028
0,2,0.225,-8.452261267769622
0,2,0.25,-8.492086192250998
0,2,0.275,-8.55370379762386
0,2,0.30000000000000004,-8.599796410266945
0,2,0.325,-8.646497567881656
0,2,0.35000000000000003,-8.693843238466046
0,2,0.375,-8.741789809965397
0,2,0.4,-8.790340751727692
0,2,0.42500000000000004,-8.8395188682533
0,2,0.45,-8.87801227074401
0,2,0.47500000000000003,-8.927263846479695
0,2,0.5,-8.977302341291326
0,2,0.525,-9.027561517778015
0,2,0.55,-9.117411617528552
0,2,0.5750000000000001,-9.17336727511975
0,2,0.6000000000000001,-9.221655497217071
0,2,0.625,-9.26235874742367
0,2,0.65,-9.311323134465017
0,2,0.675,-9.35940657833368
0,2,0.7000000000000001,-9.405326820299035
0,2,0.7250000000000001,-9.45715293670143
0,2,0.75,-9.510396063387283
0,2,0.775,-9.521737823095116
0,2,0.8,-9.438950729405573
0,2,0.8250000000000001,-9.349309060529933
0,2,0.8500000000000001,-9.254195549068738
0,2,0.875,-9.155175618182497
0,2,0.9,-9.05046546558397
0,2,0.925,-8.81156778287357
0,2,0.9500000000000001,-8.697783088648777
0,2,0.9750000000000001,-8.58123554687902
0,2,1.0,-8.446559605934592
0,3,0.0,-8.062102082693537
0,3,0.025,-8.172952801991812
0,3,0.05,-8.189726221158725
0,3,0.07500000000000001,-8.216380864142149
0,3,0.1,-8.26216118347818
0,3,0.125,-8.293058053548592
0,3,0.15000000000000002,-8.31497043244988
0,3,0.17500000000000002,-8.333901830470927
0,3,0.2,-8.36902753346855
0,3,0.225,-8.403088551446906
0,3,0.25,-8.441612251900995
0,3,0.275,-8.482197036362768
0,3,0.30000000000000004,-8.524555693528189
0,3,0.325,-8.56672976056558
0,3,0.35000000000000003,-8.607878851698706
0,3,0.375,-8.649763359878406
0,3,0.4,-8.692156110376352
0,3,0.42500000000000004,-8.744277590539326
0,3,0.45,-8.850859431021576
0,3,0.47500000000000003,-8.917869745467685
0,3,0.5,-8.976568535013193
0,3,0.525,-9.03278777653762
0,3,0.55,-9.090471941879152
0,3,0.5750000000000001,-9.147611706565343
0,3,0.6000000000000001,-9.203519894977541
0,3,0.625,-9.262544469160474
0,3,0.65,-9.326328820114053
0,3,0.675,-9.394489903869715
0,3,0.7000000000000001,-9.463712767903491
0,3,0.7250000000000001,-9.534507636603852
0,3,0.75,-9.600751291224409
0,3,0.775,-9.536836686482609
0,3,0.8,-9.425882662971322
0,3,0.8250000000000001,-9.305130722851874
0,3,0.8500000000000001,-9.177902298895692
0,3,0.875,-9.04715917514955
0,3,0.9,-8.912175027698202
0,3,0.925,-8.766744358878643
0,3,0.9500000000000001,-8.620044411583027
0,3,0.9750000000000001,-8.589586661599206
0,3,1.0,-8.641046913236611
0,4,0.0,-8.062102082407339
0,4,0.025,-8.235543204276718
0,4,0.05,-8.535071761176084
0,4,0.07500000000000001,-8.95229998330707
0,4,0.1,-9.348498097753085
0,4,0.125,-9.73123643365778
0,4,0.15000000000000002,-10.165413524679497
0,4,0.17500000000000002,-10.613301016635162
0,4,0.2,-11.08346559284573
0,4,0.225,-11.534881851738206
0,4,0.25,-11.958968788016204
0,4,0.275,-12.188639080616918
0,4,0.30000000000000004,-12.3597687391281
0,4,0.325,-12.545662319840346
0,4,0.35000000000000003,-12.816896509010137
0,4,0.375,-12.962163514841642
0,4,0.4,-13.133771330574891
0,4,0.42500000000000004,-13.304154373914068
0,4,0.45,-13.469798736432026
0,4,0.47500000000000003,-13.629725206061547
0,4,0.5,-13.775077070114532
0,4,0.525,-13.61632597382951
0,4,0.55,-13.421973203914636
0,4,0.5750000000000001,-13.226094966315216
0,4,0.6000000000000001,-12.839096777368221
0,4,0.625,-12.531803641965043
0,4,0.65,-11.75864105249326
0,4,0.675,-11.414010719333628
0,4,0.7000000000000001,-11.072242525112099
0,4,0.7250000000000001,-10.735415696682491
0,4,0.75,-10.399079232599643
0,4,0.775,-10.06543064937806
0,4,0.8,-9.756117822202903
0,4,0.8250000000000001,-9.852295179054911
0,4,0.8500000000000001,-11.002777880953454
0,4,0.875,-9.316066690964567
0,4,0.9,-8.761434647817584
0,4,0.925,-8.62517740459381
0,4,0.9500000000000001,-8.64055165936168
0,4,0.9750000000000001,-8.708752514730037
0,4,1.0,-8.79695067223821
0,5,0.0,-8.062102082717127
0,5,0.025,-8.126184149263889
0,5,0.05,-8.104340469645507
0,5,0.07500000000000001,-8.086379514008673
0,5,0.1,-8.079493891947791
0,5,0.125,-8.078800343222163
0,5,0.15000000000000002,-8.078204269611783
0,5,0.17500000000000002,-8.09098447962911
0,5,0.2,-8.107020400990207
0,5,0.225,-8.126276775954057
0,5,0.25,-8.139215437507271
0,5,0.275,-8.177589916697414
0,5,0.30000000000000004,-8.192951449437611
0,5,0.325,-8.209809817076835
0,5,0.35000000000000003,-8.223837091441737
0,5,0.375,-8.251998068715796
0,5,0.4,-8.28651711562453
0,5,0.42500000000000004,-8.337277420634937
0,5,0.45,-8.36891257224653
0,5,0.47500000000000003,-8.401002404678717
0,5,0.5,-8.438303190135562
0,5,0.525,-8.488517246655075
0,5,0.55,-8.517465302513592
0,5,0.5750000000000001,-8.502685861108919
0,5,0.6000000000000001,-8.4887730385623
0,5,0.625,-8.480102734319985
0,5,0.65,-8.482519173471758
0,5,0.675,-8.48646166024193
0,5,0.7000000000000001,-8.489650796969824
0,5,0.7250000000000001,-8.493277262950889
0,5,0.75,-8.501966121141209
0,5,0.775,-8.51349278687504
0,5,0.8,-8.534861722923713
0,5,0.8250000000000001,-8.562650233673779
0,5,0.8500000000000001,-8.59695382993145
0,5,0.875,-8.635917635722206
0,5,0.9,-8.680365963234946
0,5,0.925,-8.730963316164875
0,5,0.9500000000000001,-8.796033955655393
0,5,0.9750000000000001,-8.881919691645763
0,5,1.0,-8.976148623007434
0,6,0.0,-8.062102082214704
0,6,0.025,-8.246052380731573
0,6,0.05,-8.503391595271319
0,6,0.07500000000000001,-8.852047748346418
0,6,0.1,-9.271825145814772
0,6,0.125,-9.673506883272434
0,6,0.15000000000000002,-10.065124101275673
0,6,0.17500000000000002,-10.47960938279722
0,6,0.2,-10.912364150678428
0,6,0.225,-11.360466349771825
0,6,0.25,-11.777726508481281
0,6,0.275,-12.174012191737239
0,6,0.30000000000000004,-12.570893804797127
0,6,0.325,-12.817239570231592
0,6,0.35000000000000003,-13.004765994067064
0,6,0.375,-13.238952856254251
0,6,0.4,-13.409790287867622
0,6,0.42500000000000004,-13.565694077778387
0,6,0.45,-13.709727309572706
0,6,0.47500000000000003,-13.841759734344018
0,6,0.5,-13.958244610907375
0,6,0.525,-14.062596795172718
0,6,0.55,-14.144202802662532
0,6,0.5750000000000001,-14.217401170196368
0,6,0.6000000000000001,-14.17054584403832
0,6,0.625,-14.02389692263567
0,6,0.65,-13.874194796593088
0,6,0.675,-13.720844970162783
0,6,0.7000000000000001,-13.574590065762523
0,6,0.7250000000000001,-13.42089295926135
0,6,0.75,-13.267119662688593
0,6,0.775,-13.080906045058235
0,6,0.8,-12.886253252703629
0,6,0.8250000000000001,-12.69875285421469
0,6,0.8500000000000001,-12.510366898202903
0,6,0.875,-12.341606312459565
0,6,0.9,-12.200916358410312
0,6,0.925,-12.10118624471142
0,6,0.9500000000000001,-12.063459394173004
0,6,0.9750000000000001,-12.05941877966755
0,6,1.0,-12.134843972049582
0,7,0.0,-8.062102082985927
0,7,0.025,-8.151713165410133
0,7,0.05,-8.236411946820617
0,7,0.07500000000000001,-8.322338649854107
0,7,0.1,-8.456235396994979
0,7,0.125,-8.593899297855208
0,7,0.15000000000000002,-8.734422827537102
0,7,0.17500000000000002,-8.872910929421405
0,7,0.2,-9.005028535048044
0,7,0.225,-9.14678156717725
0,7,0.25,-9.291917255636534
0,7,0.275,-9.44072213238954
0,7,0.30000000000000004,-9.591202780270848
0,7,0.325,-9.761466323448701
0,7,0.35000000000000003,-9.913680457972262
0,7,0.375,-10.056332195460838
0,7,0.4,-10.175274440208483
0,7,0.42500000000000004,-10.320467531703652
0,7,0.45,-10.446635121126732
0,7,0.47500000000000003,-10.570471899011984
0,7,0.5,-10.690451184822624
0,7,0.525,-10.808746884598655
0,7,0.55,-10.928821900012917
0,7,0.5750000000000001,-11.0494048353548
0,7,0.6000000000000001,-11.097516353283734
0,7,0.625,-11.147745228232896
0,7,0.65,-11.1995169527771
0,7,0.675,-11.266341292753914
0,7,0.7000000000000001,-11.270830631855773
0,7,0.7250000000000001,-11.276914418428527
0,7,0.75,-11.285279649329688
0,7,0.775,-11.293574704420184
0,7,0.8,-11.30444849083058
0,7,0.8250000000000001,-11.321486185075445
0,7,0.8500000000000001,-11.34443456675301
0,7,0.875,-11.369439805219585
0,7,0.9,-11.401146577803235
0,7,0.925,-11.435098618807379
0,7,0.9500000000000001,-11.462807972406857
0,7,0.9750000000000001,-11.500109279879558
0,7,1.0,-11.542051978629654
0,8,0.0,-8.06210208206057
0,8,0.025,-9.698104402814593
0,8,0.05,-11.838246983002492
0,8,0.07500000000000001,-13.57576264807422
0,8,0.1,-14.666473113901828
0,8,0.125,-15.255366012330763
0,8,0.15000000000000002,-15.593588585097883
0,8,0.17500000000000002,-15.5187532606088
0,8,0.2,-16.329094881141156
0,8,0.225,-17.808299927446402
0,8,0.25,-19.411355425264986
0,8,0.275,-20.702920195984372
0,8,0.30000000000000004,-21.936493704735813
0,8,0.325,-22.88269860747144
0,8,0.35000000000000003,-24.07670039050083
0,8,0.375,-25.95368738433247
0,8,0.4,-27.12857773701348
0,8,0.42500000000000004,-29.281174254630443
0,8,0.45,-31.244594148580294
0,8,0.47500000000000003,-32.5622889259559
0,8,0.5,-33.21711111990399
0,8,0.525,-33.24223786344386
0,8,0.55,-32.6889847275224
0,8,0.5750000000000001,-31.901928545180425
0,8,0.6000000000000001,-30.94936787112804
0,8,0.625,-29.2082355558726
0,8,0.65,-28.156230237503287
0,8,0.675,-27.69274180903571
0,8,0.7000000000000001,-27.63115402180081
0,8,0.7250000000000001,-27.89820142299906
0,8,0.75,-28.252155824839285
0,8,0.775,-28.601243409013215
0,8,0.8,-28.84378773879167
0,8,0.8250000000000001,-28.85939843984851
0,8,0.8500000000000001,-28.834388913843355
0,8,0.875,-28.692358398109228
0,8,0.9,-28.286894069618704
0,8,0.925,-28.050339753083268
0,8,0.9500000000000001,-26.887775979734528
0,8,0.9750000000000001,-26.23334929683229
0,8,1.0,-25.960372390305263
1,2,0.0,-8.299549237912188
1,2,0.025,-8.343731783160855
1,2,0.05,-8.370531924037849
1,2,0.07500000000000001,-8.406706533363742
1,2,0.1,-8.446764199553854
1,2,0.125,-8.490416835283236
1,2,0.15000000000000002,-8.537793330009112
1,2,0.17500000000000002,-8.588459162520731
1,2,0.2,-8.641797745506704
1,2,0.225,-8.69726693693612
1,2,0.25,-8.755281453588106
1,2,0.275,-8.815233310309608
1,2,0.30000000000000004,-8.876598458460137
1,2,0.325,-8.880312460306989
1,2,0.35000000000000003,-8.881530396628538
1,2,0.375,-8.883722872516852
1,2,0.4,-8.88671758644004
1,2,0.42500000000000004,-8.889737272750885
1,2,0.45,-8.892655398777759
1,2,0.47500000000000003,-8.897037544268052
1,2,0.5,-8.902317794115035
1,2,0.525,-8.908284334624941
1,2,0.55,-8.914756921073174
1,2,0.5750000000000001,-8.92187449697273
1,2,0.6000000000000001,-8.938646283056954
1,2,0.625,-8.948336139571122
1,2,0.65,-8.956949700922157
1,2,0.675,-8.94003554070296
1,2,0.7000000000000001,-8.951736029286353
1,2,0.7250000000000001,-8.964979091445784
1,2,0.75,-8.978816151530086
1,2,0.775,-8.975325321358365
1,2,0.8,-8.91421856029076
1,2,0.8250000000000001,-8.853572878646933
1,2,0.8500000000000001,-8.791101185509486
1,2,0.875,-8.729559823067552
1,2,0.9,-8.670996881418953
1,2,0.925,-8.615293274268119
1,2,0.9500000000000001,-8.562458292875089
1,2,0.9750000000000001,-8.511764394862446
1,2,1.0,-8.446559606057448
1,3,0.0,-8.299549237911323
1,3,0.025,-8.332586655898016
1,3,0.05,-8.34817623227908
1,3,0.07500000000000001,-8.367028550987806
1,3,0.1,-8.393555926513876
1,3,0.125,-8.42463650877579
1,3,0.15000000000000002,-8.458919549343392
1,3,0.17500000000000002,-8.495353872715615
1,3,0.2,-8.53670007269414
1,3,0.225,-8.58103961159216
1,3,0.25,-8.626800134109661
1,3,0.275,-8.653617599415785
1,3,0.30000000000000004,-8.705239292019812
1,3,0.325,-8.75838653595352
1,3,0.35000000000000003,-8.768008474694959
1,3,0.375,-8.759586712653793
1,3,0.4,-8.74861434948065
1,3,0.42500000000000004,-8.738402986678604
1,3,0.45,-8.728679086037044
1,3,0.47500000000000003,-8.719922547309196
1,3,0.5,-8.72836633036065
1,3,0.525,-8.735592212496492
1,3,0.55,-8.74204303674112
1,3,0.5750000000000001,-8.748369304589884
1,3,0.6000000000000001,-8.756229623050146
1,3,0.625,-8.765093954373144
1,3,0.65,-8.776363854793258
1,3,0.675,-8.790847954305807
1,3,0.7000000000000001,-8.815675870631772
1,3,0.7250000000000001,-8.846081307681601
1,3,0.75,-8.87385533351284
1,3,0.775,-8.901980637353171
1,3,0.8,-8.929010879121748
1,3,0.8250000000000001,-8.993202431632602
1,3,0.8500000000000001,-8.930684763005413
1,3,0.875,-8.869949562166362
1,3,0.9,-8.81413983082659
1,3,0.925,-8.76404508951644
1,3,0.9500000000000001,-8.720154160345754
1,3,0.9750000000000001,-8.678196443184351
1,3,1.0,-8.641046913110078
1,4,0.0,-8.299549237912213
1,4,0.025,-8.296272905441718
1,4,0.05,-8.405116576286431
1,4,0.07500000000000001,-8.401348083204141
1,4,0.1,-8.394067470549672
1,4,0.125,-8.391228453354763
1,4,0.15000000000000002,-8.394421505499192
1,4,0.17500000000000002,-8.402032197734583
1,4,0.2,-8.408471070744746
1,4,0.225,-8.414610193974905
1,4,0.25,-8.421400303273547
1,4,0.275,-8.429667129904297
1,4,0.30000000000000004,-8.437555586420451
1,4,0.325,-8.445727081523103
1,4,0.35000000000000003,-8.454288122268244
1,4,0.375,-8.463608015260402
1,4,0.4,-8.473616840315044
1,4,0.42500000000000004,-8.484402959051781
1,4,0.45,-8.49563514129411
1,4,0.47500000000000003,-8.50678398324128
1,4,0.5,-8.520207605899255
1,4,0.525,-8.544086420776186
1,4,0.55,-9.006814446016893
1,4,0.5750000000000001,-9.031876718093933
1,4,0.6000000000000001,-9.417470679820532
1,4,0.625,-9.384757509076158
1,4,0.65,-9.025203058223784
1,4,0.675,-9.052297207028637
1,4,0.7000000000000001,-9.081496271468
1,4,0.7250000000000001,-8.655107611568312
1,4,0.75,-8.596785716612885
1,4,0.775,-8.612577701068552
1,4,0.8,-8.62982449592554
1,4,0.8250000000000001,-8.64829320783027
1,4,0.8500000000000001,-8.666820478686564
1,4,0.875,-8.688737980224962
1,4,0.9,-8.71282067832272
1,4,0.925,-8.739400042675117
1,4,0.9500000000000001,-8.76758879933237
1,4,0.9750000000000001,-8.797701290790112
1,4,1.0,-8.79695067180208
1,5,0.0,-8.29954923792128
1,5,0.025,-8.471685602390016
1,5,0.05,-8.657203266027
1,5,0.07500000000000001,-8.869979245991189
1,5,0.1,-9.109049890012955
1,5,0.125,-9.373873304040991
1,5,0.15000000000000002,-9.665739033033827
1,5,0.17500000000000002,-9.982973228649067
1,5,0.2,-10.321695391931074
1,5,0.225,-10.678248323415636
1,5,0.25,-11.056122334895043
1,5,0.275,-11.406410534161173
1,5,0.30000000000000004,-11.37737854872955
1,5,0.325,-11.414916559511006
1,5,0.35000000000000003,-11.44983536620488
1,5,0.375,-11.478947507806605
1,5,0.4,-11.509492881974209
1,5,0.42500000000000004,-11.536652006694508
1,5,0.45,-11.561753186552648
1,5,0.47500000000000003,-11.586228679768155
1,5,0.5,-11.610141215946424
1,5,0.525,-11.62907394180824
1,5,0.55,-11.634117867837396
1,5,0.5750000000000001,-11.75730951009972
1,5,0.6000000000000001,-11.763507193992798
1,5,0.625,-11.77604633001422
1,5,0.65,-11.736983471660093
1,5,0.675,-11.522382127241887
1,5,0.7000000000000001,-11.298448189049086
1,5,0.7250000000000001,-11.137781161030874
1,5,0.75,-10.984884197359062
1,5,0.775,-10.824031707149246
1,5,0.8,-10.48135745140868
1,5,0.8250000000000001,-10.109618203876385
1,5,0.8500000000000001,-9.755112568502573
1,5,0.875,-9.42747065891356
1,5,0.9,-9.131452967340197
1,5,0.925,-8.868580285573618
1,5,0.9500000000000001,-8.691825262273404
1,5,0.9750000000000001,-8.73902817690573
1,5,1.0,-8.976148623045908
1,6,0.0,-8.299549238002562
1,6,0.025,-8.723119212422876
1,6,0.05,-9.0325039901618
1,6,0.07500000000000001,-9.362840651400294
1,6,0.1,-9.700385006794304
1,6,0.125,-10.030421989463047
1,6,0.15000000000000002,-10.161484431458046
1,6,0.17500000000000002,-10.452026027461557
1,6,0.2,-10.739617585108803
1,6,0.225,-11.021752654767088
1,6,0.25,-11.169803244343719
1,6,0.275,-11.203963997725879
1,6,0.30000000000000004,-11.27171250983271
1,6,0.325,-11.372504849817187
1,6,0.35000000000000003,-11.488098839494992
1,6,0.375,-11.577337302159872
1,6,0.4,-11.684206859511006
1,6,0.42500000000000004,-11.802801969988844
1,6,0.45,-11.898419006437148
1,6,0.47500000000000003,-11.959995474538058
1,6,0.5,-11.999424068484283
1,6,0.525,-12.068198303080205
1,6,0.55,-12.119684304903469
1,6,0.5750000000000001,-12.163300979153792
1,6,0.6000000000000001,-12.199940322638561
1,6,0.625,-12.232659507597708
1,6,0.65,-12.259683010444341
1,6,0.675,-12.272710474313513
1,6,0.7000000000000001,-12.303477020770616
1,6,0.7250000000000001,-12.31150015533634
1,6,0.75,-12.31327482958832
1,6,0.775,-12.30862133677575
1,6,0.8,-12.30589131081327
1,6,0.8250000000000001,-12.279111783438733
1,6,0.8500000000000001,-12.212948578695498
1,6,0.875,-12.150652776340477
1,6,0.9,-12.1002388762751
1,6,0.925,-12.068652383720115
1,6,0.9500000000000001,-12.074294398356415
1,6,0.9750000000000001,-12.086736264716254
1,6,1.0,-12.134843972092725
1,7,0.0,-8.29954923794449
1,7,0.025,-8.575226936397453
1,7,0.05,-8.720574553151657
1,7,0.07500000000000001,-8.866002650889222
1,7,0.1,-9.012158006383316
1,7,0.125,-9.157166836549482
1,7,0.15000000000000002,-9.306859951448946
1,7,0.17500000000000002,-9.458080289122734
1,7,0.2,-9.612244822562204
1,7,0.225,-9.76860029403074
1,7,0.25,-9.925639126263079
1,7,0.275,-10.083491198531274
1,7,0.30000000000000004,-10.241451688017323
1,7,0.325,-10.390544165354914
1,7,0.35000000000000003,-10.545425815194916
1,7,0.375,-10.694554775182208
1,7,0.4,-10.844489644904627
1,7,0.42500000000000004,-10.995001064485226
1,7,0.45,-11.142678695328666
1,7,0.47500000000000003,-11.292487315643807
1,7,0.5,-11.432921262563102
1,7,0.525,-11.496490751568516
1,7,0.55,-11.559816655717762
1,7,0.5750000000000001,-11.630171445885182
1,7,0.6000000000000001,-11.705536731220752
1,7,0.625,-11.693851335371725
1,7,0.65,-11.343703927480586
1,7,0.675,-11.398507952968398
1,7,0.7000000000000001,-11.470165763712524
1,7,0.7250000000000001,-11.534715211685075
1,7,0.75,-11.608829592738271
1,7,0.775,-11.66437641358679
1,7,0.8,-11.645710193743586
1,7,0.8250000000000001,-11.630041742424778
1,7,0.8500000000000001,-11.615233852399985
1,7,0.875,-11.58116436423126
1,7,0.9,-11.566263739235156
1,7,0.925,-11.558391458190618
1,7,0.9500000000000001,-11.56183855346222
1,7,0.9750000000000001,-11.56416740687553
1,7,1.0,-11.542051978718124
1,8,0.0,-8.2995492379133
1,8,0.025,-9.634617917515424
1,8,0.05,-11.491690938448981
1,8,0.07500000000000001,-13.019639793684487
1,8,0.1,-14.391769108838822
1,8,0.125,-15.461781260417457
1,8,0.15000000000000002,-15.485453981137697
1,8,0.17500000000000002,-15.338825233851416
1,8,0.2,-15.695451625373757
1,8,0.225,-16.91095430404128
1,8,0.25,-18.51997083996022
1,8,0.275,-19.798917637111252
1,8,0.30000000000000004,-20.584184670145852
1,8,0.325,-21.39681500989535
1,8,0.35000000000000003,-22.604637329633096
1,8,0.375,-24.087064303526088
1,8,0.4,-24.449098762118922
1,8,0.42500000000000004,-25.730813155868283
1,8,0.45,-27.139476018739217
1,8,0.47500000000000003,-28.60726750761188
1,8,0.5,-29.317532664534117
1,8,0.525,-29.614632862209277
1,8,0.55,-29.54766110101511
1,8,0.5750000000000001,-29.16147309848001
1,8,0.6000000000000001,-28.62470322950221
1,8,0.625,-27.276413534243495
1,8,0.65,-26.608951868415986
1,8,0.675,-26.398283128193036
1,8,0.7000000000000001,-26.597398525436212
1,8,0.7250000000000001,-26.99543199168809
1,8,0.75,-27.420080911385114
1,8,0.775,-27.821872693806625
1,8,0.8,-28.11399672324754
1,8,0.8250000000000001,-28.242519422862863
1,8,0.8500000000000001,-28.378915329368816
1,8,0.875,-28.3756597414257
1,8,0.9,-28.113331083211587
1,8,0.925,-27.94230664940553
1,8,0.9500000000000001,-26.845584179357694
1,8,0.9750000000000001,-26.222320757239736
1,8,1.0,-25.960372390150916
2,3,0.0,-8.446559605121248
2,3,0.025,-8.442050258592978
2,3,0.05,-8.567042862194663
2,3,0.07500000000000001,-8.560800603541423
2,3,0.1,-8.55445158320699
2,3,0.125,-8.548435541587452
2,3,0.15000000000000002,-8.543082594755429
2,3,0.17500000000000002,-8.538261586664706
2,3,0.2,-8.536845167293073
2,3,0.225,-8.535132689184778
2,3,0.25,-8.53378691186214
2,3,0.275,-8.536225034251377
2,3,0.30000000000000004,-8.54112641117888
2,3,0.325,-8.545653362544197
2,3,0.35000000000000003,-8.54971697447906
2,3,0.375,-8.553124049790323
2,3,0.4,-8.556955755386788
2,3,0.42500000000000004,-8.55994415083832
2,3,0.45,-8.55694347256117
2,3,0.47500000000000003,-8.56019619491737
2,3,0.5,-8.563684999071114
2,3,0.525,-8.56725492588724
2,3,0.55,-8.57120853101771
2,3,0.5750000000000001,-8.570993278638952
2,3,0.6000000000000001,-8.571608267530461
2,3,0.625,-8.572093133874654
2,3,0.65,-8.572555811302205
2,3,0.675,-8.573747951664746
2,3,0.7000000000000001,-8.576093037784668
2,3,0.7250000000000001,-8.578440189257728
2,3,0.75,-8.5813146623458
2,3,0.775,-8.584744386022482
2,3,0.8,-8.58883197190327
2,3,0.8250000000000001,-8.593723057308237
2,3,0.8500000000000001,-8.59905276917069
2,3,0.875,-8.60494409675947
2,3,0.9,-8.611676983875377
2,3,0.925,-8.618900937574843
2,3,0.9500000000000001,-8.626193258108188
2,3,0.9750000000000001,-8.633531735709552
2,3,1.0,-8.641046913276764
2,4,0.0,-8.446559605596462
2,4,0.025,-8.532333631511552
2,4,0.05,-8.627279287955977
2,4,0.07500000000000001,-8.730044680200672
2,4,0.1,-8.858870700036693
2,4,0.125,-8.988192570334627
2,4,0.15000000000000002,-9.106431712300077
2,4,0.17500000000000002,-9.121261239258175
2,4,0.2,-9.141013918337421
2,4,0.225,-9.165476699644731
2,4,0.25,-9.194936172896346
2,4,0.275,-9.227886363895674
2,4,0.30000000000000004,-9.264467150076221
2,4,0.325,-9.30094553870731
2,4,0.35000000000000003,-9.338314855619728
2,4,0.375,-9.478051903188266
2,4,0.4,-9.528524485544953
2,4,0.42500000000000004,-9.579563650619956
2,4,0.45,-9.631757184431864
2,4,0.47500000000000003,-9.675778283532392
2,4,0.5,-9.617558872429022
2,4,0.525,-9.556707238131779
2,4,0.55,-9.493548146792406
2,4,0.5750000000000001,-9.428447569642707
2,4,0.6000000000000001,-9.36156154841122
2,4,0.625,-9.29368417676686
2,4,0.65,-9.223425944124559
2,4,0.675,-9.540620271001604
2,4,0.7000000000000001,-10.875957712250806
2,4,0.7250000000000001,-11.834285614090218
2,4,0.75,-11.74338360979137
2,4,0.775,-9.350067027909756
2,4,0.8,-9.197154580232429
2,4,0.8250000000000001,-8.764487245744416
2,4,0.8500000000000001,-8.659328607749368
2,4,0.875,-8.635273578545636
2,4,0.9,-8.632851742876479
2,4,0.925,-8.649634481858353
2,4,0.9500000000000001,-8.686597893597828
2,4,0.9750000000000001,-8.74565317513231
2,4,1.0,-8.796950672061984
2,5,0.0,-8.446559605851764
2,5,0.025,-8.744626717398173
2,5,0.05,-8.891349823335878
2,5,0.07500000000000001,-9.03870491327658
2,5,0.1,-9.188722382701014
2,5,0.125,-9.349508489603718
2,5,0.15000000000000002,-9.503230657034774
2,5,0.17500000000000002,-9.65754826659373
2,5,0.2,-9.758221998582147
2,5,0.225,-9.714747251393138
2,5,0.25,-9.674568585277422
2,5,0.275,-9.635357133222659
2,5,0.30000000000000004,-9.596256623105432
2,5,0.325,-9.559873767706584
2,5,0.35000000000000003,-9.530936307349835
2,5,0.375,-9.501351393863438
2,5,0.4,-9.469674160820757
2,5,0.42500000000000004,-9.43102866118377
2,5,0.45,-9.407878037920732
2,5,0.47500000000000003,-9.388521712460829
2,5,0.5,-9.375285654278336
2,5,0.525,-9.365387490817685
2,5,0.55,-9.302370702372095
2,5,0.5750000000000001,-9.225802359084888
2,5,0.6000000000000001,-9.150421488061175
2,5,0.625,-9.079642738145022
2,5,0.65,-9.008088237811343
2,5,0.675,-8.950444730080383
2,5,0.7000000000000001,-8.902055104092177
2,5,0.7250000000000001,-8.857614526028037
2,5,0.75,-8.81696235695047
2,5,0.775,-8.780421407458729
2,5,0.8,-8.752045436645393
2,5,0.8250000000000001,-8.725604888037003
2,5,0.8500000000000001,-8.739692731258401
2,5,0.875,-8.731250122110893
2,5,0.9,-8.765263993445338
2,5,0.925,-8.804302570890949
2,5,0.9500000000000001,-8.847952885173166
2,5,0.9750000000000001,-8.908114704575409
2,5,1.0,-8.976148623029594
2,6,0.0,-8.446559605348584
2,6,0.025,-8.942383414070706
2,6,0.05,-9.429134974133788
2,6,0.07500000000000001,-9.94357519762238
2,6,0.1,-10.498207353892022
2,6,0.125,-10.710088009127698
2,6,0.15000000000000002,-10.937849421863104
2,6,0.17500000000000002,-11.18223322239782
2,6,0.2,-11.366533342327118
2,6,0.225,-11.583794021189757
2,6,0.25,-11.815096002745623
2,6,0.275,-12.0686974782565
2,6,0.30000000000000004,-12.313972002165304
2,6,0.325,-12.606146871300453
2,6,0.35000000000000003,-12.910986707300566
2,6,0.375,-13.220194609711621
2,6,0.4,-13.527321615448953
2,6,0.42500000000000004,-13.831247451546014
2,6,0.45,-14.14422615380747
2,6,0.47500000000000003,-14.274956122077151
2,6,0.5,-14.369314492207875
2,6,0.525,-14.466514544022697
2,6,0.55,-14.500794389261307
2,6,0.5750000000000001,-14.517176872560798
2,6,0.6000000000000001,-14.520701981433607
2,6,0.625,-14.477452831890501
2,6,0.65,-14.423392365870981
2,6,0.675,-14.356111663772442
2,6,0.7000000000000001,-14.236708130688367
2,6,0.7250000000000001,-14.089190849214052
2,6,0.75,-13.886877766610167
2,6,0.775,-13.639025972753345
2,6,0.8,-13.397207134252216
2,6,0.8250000000000001,-13.151194672538471
2,6,0.8500000000000001,-12.912600984693134
2,6,0.875,-12.67108316394888
2,6,0.9,-12.443027352841714
2,6,0.925,-12.245112556849843
2,6,0.9500000000000001,-12.109583411098026
2,6,0.9750000000000001,-12.082218931818
2,6,1.0,-12.134843972183488
2,7,0.0,-8.446559606207547
2,7,0.025,-8.671346716041697
2,7,0.05,-8.878280162026606
2,7,0.07500000000000001,-9.082618577618096
2,7,0.1,-9.276951276035886
2,7,0.125,-9.46951622719758
2,7,0.15000000000000002,-9.676187943780533
2,7,0.17500000000000002,-9.884339385010772
2,7,0.2,-10.090205706994904
2,7,0.225,-10.276302908092415
2,7,0.25,-10.462766545213187
2,7,0.275,-10.563513409724223
2,7,0.30000000000000004,-10.622662010603968
2,7,0.325,-10.682418051013345
2,7,0.35000000000000003,-10.732860281219782
2,7,0.375,-10.798670766254322
2,7,0.4,-10.867403171696033
2,7,0.42500000000000004,-10.906803440783245
2,7,0.45,-10.944970820002101
2,7,0.47500000000000003,-11.038968358486844
2,7,0.5,-11.081033696282963
2,7,0.525,-11.12713068915767
2,7,0.55,-11.174560971272504
2,7,0.5750000000000001,-11.224699973048944
2,7,0.6000000000000001,-11.277098810928798
2,7,0.625,-11.328464293957293
2,7,0.65,-11.368890327851762
2,7,0.675,-11.344306118178297
2,7,0.7000000000000001,-11.352299269548922
2,7,0.7250000000000001,-11.362225167499453
2,7,0.75,-11.371178044507776
2,7,0.775,-11.356583192529602
2,7,0.8,-11.373197118169443
2,7,0.8250000000000001,-11.393510822143302
2,7,0.8500000000000001,-11.415743353077234
2,7,0.875,-11.433761214347895
2,7,0.9,-11.460584679578545
2,7,0.925,-11.477384467983386
2,7,0.9500000000000001,-11.488958208552251
2,7,0.9750000000000001,-11.526545093336093
2,7,1.0,-11.542051978712866
2,8,0.0,-8.446559605831304
2,8,0.025,-9.832060093609893
2,8,0.05,-11.538279241418582
2,8,0.07500000000000001,-13.069801227702374
2,8,0.1,-13.831087057181147
2,8,0.125,-14.238164651037987
2,8,0.15000000000000002,-14.502139030728477
2,8,0.17500000000000002,-14.46563860354251
2,8,0.2,-14.902816093766292
2,8,0.225,-15.847666123904872
2,8,0.25,-17.073105891941083
2,8,0.275,-18.327737121219435
2,8,0.30000000000000004,-19.441976245766757
2,8,0.325,-20.428236135820327
2,8,0.35000000000000003,-21.231099827526716
2,8,0.375,-22.353484199920473
2,8,0.4,-23.06295608654484
2,8,0.42500000000000004,-24.34345025849271
2,8,0.45,-25.689307757276524
2,8,0.47500000000000003,-26.846341395767524
2,8,0.5,-27.66315162437234
2,8,0.525,-28.096456682065657
2,8,0.55,-28.14528826456965
2,8,0.5750000000000001,-27.92235715895282
2,8,0.6000000000000001,-27.704501433236608
2,8,0.625,-26.40122994830578
2,8,0.65,-25.7370529338701
2,8,0.675,-25.581895596367026
2,8,0.7000000000000001,-25.76063961949849
2,8,0.7250000000000001,-26.20653777534454
2,8,0.75,-26.712990204020684
2,8,0.775,-27.18498661733351
2,8,0.8,-27.63955473036
2,8,0.8250000000000001,-27.892816742610812
2,8,0.8500000000000001,-28.0858411802499
2,8,0.875,-28.147165733749084
2,8,0.9,-27.957134155608546
2,8,0.925,-27.87382468081998
2,8,0.9500000000000001,-26.801925375864755
2,8,0.9750000000000001,-26.202258022602017
2,8,1.0,-25.96037238967817
3,4,0.0,-8.64104691326264
3,4,0.025,-8.711590836540932
3,4,0.05,-8.794709322515835
3,4,0.07500000000000001,-8.8983219756452
3,4,0.1,-9.022397429999751
3,4,0.125,-9.122850729649688
3,4,0.15000000000000002,-9.073650623700487
3,4,0.17500000000000002,-9.085372936468243
3,4,0.2,-9.104531459251533
3,4,0.225,-9.129003739411235
3,4,0.25,-9.157792346694379
3,4,0.275,-9.189105721523962
3,4,0.30000000000000004,-9.281882519031932
3,4,0.325,-9.317698684370171
3,4,0.35000000000000003,-9.351090161127942
3,4,0.375,-9.374144698851133
3,4,0.4,-9.41877374346035
3,4,0.42500000000000004,-9.465263659254711
3,4,0.45,-9.481034165183743
3,4,0.47500000000000003,-9.419569036715473
3,4,0.5,-9.363172012581359
3,4,0.525,-9.312182275028213
3,4,0.55,-9.256757844080543
3,4,0.5750000000000001,-9.1989474912174
3,4,0.6000000000000001,-9.979445920631456
3,4,0.625,-11.10477822630962
3,4,0.65,-12.608041112347891
3,4,0.675,-12.426087966073872
3,4,0.7000000000000001,-12.254897558455944
3,4,0.7250000000000001,-12.828794508715633
3,4,0.75,-9.096147419739479
3,4,0.775,-8.984335139460093
3,4,0.8,-8.972707266861416
3,4,0.8250000000000001,-8.585965948631745
3,4,0.8500000000000001,-8.558421355473945
3,4,0.875,-8.55358407550074
3,4,0.9,-8.565955590657177
3,4,0.925,-8.598274131606665
3,4,0.9500000000000001,-8.652047017352963
3,4,0.9750000000000001,-8.727691025198496
3,4,1.0,-8.796950671603188
3,5,0.0,-8.641046913219562
3,5,0.025,-8.593143498536394
3,5,0.05,-8.658733398038118
3,5,0.07500000000000001,-8.905449615497972
3,5,0.1,-9.090221342682149
3,5,0.125,-9.274545915049462
3,5,0.15000000000000002,-9.465483738925755
3,5,0.17500000000000002,-9.657841599005618
3,5,0.2,-9.847025875113026
3,5,0.225,-9.964498325907432
3,5,0.25,-9.931708100936138
3,5,0.275,-9.901825565889613
3,5,0.30000000000000004,-9.874465667232844
3,5,0.325,-9.848872564681965
3,5,0.35000000000000003,-9.825287451697385
3,5,0.375,-9.798626912801998
3,5,0.4,-9.767573778844767
3,5,0.42500000000000004,-9.728373336870053
3,5,0.45,-9.681037925740494
3,5,0.47500000000000003,-9.633860643514252
3,5,0.5,-9.587337714241295
3,5,0.525,-9.544687259814047
3,5,0.55,-9.4939187351772
3,5,0.5750000000000001,-9.456814525787845
3,5,0.6000000000000001,-9.425431571665651
3,5,0.625,-9.39956603200958
3,5,0.65,-9.374636847540518
3,5,0.675,-9.357346516603315
3,5,0.7000000000000001,-9.29919713709697
3,5,0.7250000000000001,-9.212241869406618
3,5,0.75,-9.12409916541027
3,5,0.775,-9.039652985358293
3,5,0.8,-8.969765464193156
3,5,0.8250000000000001,-8.907429019381937
3,5,0.8500000000000001,-8.859822651878734
3,5,0.875,-8.864460422101658
3,5,0.9,-8.843853864109814
3,5,0.925,-8.86053387210032
3,5,0.9500000000000001,-8.876210530176582
3,5,0.9750000000000001,-8.91765880923229
3,5,1.0,-8.976148623000512
3,6,0.0,-8.64104691311829
3,6,0.025,-8.85754546305393
3,6,0.05,-9.419108859571026
3,6,0.07500000000000001,-10.026391118622087
3,6,0.1,-10.66396070699518
3,6,0.125,-10.999883509355042
3,6,0.15000000000000002,-11.177164856693322
3,6,0.17500000000000002,-11.328922518642779
3,6,0.2,-11.429888747582563
3,6,0.225,-11.581322701173484
3,6,0.25,-11.858656722994196
3,6,0.275,-12.167485252536187
3,6,0.30000000000000004,-12.532235447019039
3,6,0.325,-12.927025250823375
3,6,0.35000000000000003,-13.348387330128574
3,6,0.375,-13.787138255986507
3,6,0.4,-14.247179002447048
3,6,0.42500000000000004,-14.512722114662425
3,6,0.45,-14.737153712308745
3,6,0.47500000000000003,-14.944587064635645
3,6,0.5,-15.130555289434147
3,6,0.525,-15.307852506305554
3,6,0.55,-15.442963498844847
3,6,0.5750000000000001,-15.542372123955246
3,6,0.6000000000000001,-15.63484864375561
3,6,0.625,-15.64234757955033
3,6,0.65,-15.609509596668083
3,6,0.675,-15.431976873729118
3,6,0.7000000000000001,-15.233831684809148
3,6,0.7250000000000001,-14.981092453218332
3,6,0.75,-14.745786614811779
3,6,0.775,-14.45092205995822
3,6,0.8,-14.135607512652578
3,6,0.8250000000000001,-13.805299217292848
3,6,0.8500000000000001,-13.46847656482268
3,6,0.875,-13.121372751266216
3,6,0.9,-12.774953619707778
3,6,0.925,-12.457270452792184
3,6,0.9500000000000001,-12.20808743655433
3,6,0.9750000000000001,-12.101452695732883
3,6,1.0,-12.134843971701907
3,7,0.0,-8.641046913222013
3,7,0.025,-8.682898482744015
3,7,0.05,-8.767037881728928
3,7,0.07500000000000001,-8.995824788960599
3,7,0.1,-9.226023194039595
3,7,0.125,-9.45660019237351
3,7,0.15000000000000002,-9.688057864430753
3,7,0.17500000000000002,-9.909331861764455
3,7,0.2,-10.128923351277543
3,7,0.225,-10.347769918884588
3,7,0.25,-10.560478990577495
3,7,0.275,-10.69828075543915
3,7,0.30000000000000004,-10.748506142896499
3,7,0.325,-10.787485557405073
3,7,0.35000000000000003,-10.802321047090016
3,7,0.375,-10.819763327242994
3,7,0.4,-10.835964762382256
3,7,0.42500000000000004,-10.865119755118524
3,7,0.45,-10.793315680095489
3,7,0.47500000000000003,-10.83782029394857
3,7,0.5,-10.86886630069638
3,7,0.525,-10.908161897646965
3,7,0.55,-10.951767657129212
3,7,0.5750000000000001,-10.983098957335917
3,7,0.6000000000000001,-11.035917677661168
3,7,0.625,-11.1292134162773
3,7,0.65,-11.184480554746962
3,7,0.675,-11.246799224240235
3,7,0.7000000000000001,-11.313763656467575
3,7,0.7250000000000001,-11.380345787041948
3,7,0.75,-11.449769585461837
3,7,0.775,-11.479879137862449
3,7,0.8,-11.47987982057409
3,7,0.8250000000000001,-11.481775834050659
3,7,0.8500000000000001,-11.459729792167352
3,7,0.875,-11.472186959444482
3,7,0.9,-11.489745863891374
3,7,0.925,-11.504770038648735
3,7,0.9500000000000001,-11.513968768015957
3,7,0.9750000000000001,-11.527800262992232
3,7,1.0,-11.542051978848729
3,8,0.0,-8.641046913271513
3,8,0.025,-9.723336486922632
3,8,0.05,-11.566982302806956
3,8,0.07500000000000001,-13.179396911715395
3,8,0.1,-14.453496860539659
3,8,0.125,-15.087601380668875
3,8,0.15000000000000002,-15.503566672240847
3,8,0.17500000000000002,-15.595597333802942
3,8,0.2,-15.988060854827001
3,8,0.225,-16.903221310527794
3,8,0.25,-18.112470942566567
3,8,0.275,-19.36882231426501
3,8,0.30000000000000004,-20.253182078161267
3,8,0.325,-20.67906887390453
3,8,0.35000000000000003,-21.595580643718577
3,8,0.375,-22.691330738320254
3,8,0.4,-23.232930810912734
3,8,0.42500000000000004,-24.354888541760438
3,8,0.45,-25.800236840807308
3,8,0.47500000000000003,-27.0038305229685
3,8,0.5,-27.804063338905095
3,8,0.525,-28.16552187614589
3,8,0.55,-28.255244351922098
3,8,0.5750000000000001,-28.02850878846827
3,8,0.6000000000000001,-27.846788682947768
3,8,0.625,-26.507497793606277
3,8,0.65,-25.795487879927517
3,8,0.675,-25.58232488309459
3,8,0.7000000000000001,-25.715411848936963
3,8,0.7250000000000001,-26.14363942250185
3,8,0.75,-26.659167533283096
3,8,0.775,-27.135644509926422
3,8,0.8,-27.61234817766331
3,8,0.8250000000000001,-27.885368364886965
3,8,0.8500000000000001,-28.080887203505
3,8,0.875,-28.14717355941921
3,8,0.9,-27.97112612706097
3,8,0.925,-27.902096988810904
3,8,0.9500000000000001,-26.81494147810475
3,8,0.9750000000000001,-26.211556777291964
3,8,1.0,-25.960372390243304
4,5,0.0,-8.796950671838376
4,5,0.025,-8.70335815599914
4,5,0.05,-8.629579816272006
4,5,0.07500000000000001,-8.621167446765263
4,5,0.1,-8.791538277312782
4,5,0.125,-9.098091763773994
4,5,0.15000000000000002,-9.73533594239309
4,5,0.17500000000000002,-12.170504951473179
4,5,0.2,-12.68329944902709
4,5,0.225,-11.112031852592098
4,5,0.25,-10.892752463858114
4,5,0.275,-11.336193631906932
4,5,0.30000000000000004,-11.790843798637379
4,5,0.325,-12.208526238096965
4,5,0.35000000000000003,-12.474445975335787
4,5,0.375,-12.751242372291859
4,5,0.4,-13.033644820451377
4,5,0.42500000000000004,-13.322132133042562
4,5,0.45,-13.550430378006435
4,5,0.47500000000000003,-14.429358181262584
4,5,0.5,-14.514489500118659
4,5,0.525,-14.442653435470557
4,5,0.55,-14.356912072049417
4,5,0.5750000000000001,-14.264458151599673
4,5,0.6000000000000001,-14.14362864824645
4,5,0.625,-14.010562515042412
4,5,0.65,-13.856557948825703
4,5,0.675,-13.776294296963998
4,5,0.7000000000000001,-13.605631080348441
4,5,0.7250000000000001,-13.441304419580064
4,5,0.75,-13.256659480155808
4,5,0.775,-12.7126456410963
4,5,0.8,-12.146912670251131
4,5,0.8250000000000001,-11.59752229459601
4,5,0.8500000000000001,-11.013671973040507
4,5,0.875,-10.39925611062599
4,5,0.9,-9.795127830688113
4,5,0.925,-9.2681732055621
4,5,0.9500000000000001,-8.87079142680108
4,5,0.9750000000000001,-8.6879149772599
4,5,1.0,-8.97614862300528
4,6,0.0,-8.796950671808315
4,6,0.025,-8.790994933736515
4,6,0.05,-8.854210093075238
4,6,0.07500000000000001,-9.15026429474629
4,6,0.1,-9.857451164239727
4,6,0.125,-10.250162854948314
4,6,0.15000000000000002,-10.237480511971675
4,6,0.17500000000000002,-10.588442804201387
4,6,0.2,-10.943284149118659
4,6,0.225,-11.300981650203067
4,6,0.25,-11.48096681095018
4,6,0.275,-11.64899487664472
4,6,0.30000000000000004,-11.825230545436671
4,6,0.325,-12.402172507312418
4,6,0.35000000000000003,-12.560220318352771
4,6,0.375,-12.720142417379153
4,6,0.4,-12.860064050638975
4,6,0.42500000000000004,-12.99889060941798
4,6,0.45,-13.138804603514071
4,6,0.47500000000000003,-13.269774425393049
4,6,0.5,-13.02910470473189
4,6,0.525,-13.089181196088067
4,6,0.55,-13.1337234952493
4,6,0.5750000000000001,-13.186101692064229
4,6,0.6000000000000001,-13.200082345528102
4,6,0.625,-13.186627499806471
4,6,0.65,-13.194568102300341
4,6,0.675,-13.169418048227616
4,6,0.7000000000000001,-13.124821127286937
4,6,0.7250000000000001,-13.059791656446796
4,6,0.75,-12.980915185105754
4,6,0.775,-12.904688304536915
4,6,0.8,-12.795662172405414
4,6,0.8250000000000001,-12.659113157111356
4,6,0.8500000000000001,-12.519164481084982
4,6,0.875,-12.390062296091495
4,6,0.9,-12.26875303290775
4,6,0.925,-12.16612406633076
4,6,0.9500000000000001,-12.10164979853005
4,6,0.9750000000000001,-12.095156787154346
4,6,1.0,-12.134843972262484
4,7,0.0,-8.796950671883048
4,7,0.025,-8.795542868867678
4,7,0.05,-8.77518047839316
4,7,0.07500000000000001,-8.770436592664314
4,7,0.1,-8.814850516019924
4,7,0.125,-8.950757718754238
4,7,0.15000000000000002,-9.666349661648768
4,7,0.17500000000000002,-9.794616162969955
4,7,0.2,-9.947139873979715
4,7,0.225,-9.607062135584293
4,7,0.25,-9.769260580583971
4,7,0.275,-9.920395497980131
4,7,0.30000000000000004,-10.071848840722176
4,7,0.325,-10.223518623596338
4,7,0.35000000000000003,-10.374413783762805
4,7,0.375,-10.524486106656685
4,7,0.4,-10.672016085605378
4,7,0.42500000000000004,-10.81764636175369
4,7,0.45,-10.95861090093863
4,7,0.47500000000000003,-11.009564530309849
4,7,0.5,-11.744397115515362
4,7,0.525,-11.973749530962209
4,7,0.55,-12.032184595628156
4,7,0.5750000000000001,-12.077220662939684
4,7,0.6000000000000001,-12.119914518944022
4,7,0.625,-12.167137707349568
4,7,0.65,-12.216076356587996
4,7,0.675,-12.263062241755827
4,7,0.7000000000000001,-12.317166248340508
4,7,0.7250000000000001,-12.373963856532733
4,7,0.75,-12.408611464102947
4,7,0.775,-12.410532687224645
4,7,0.8,-12.411891181869844
4,7,0.8250000000000001,-12.397539914932214
4,7,0.8500000000000001,-11.72661234086807
4,7,0.875,-11.721906588995127
4,7,0.9,-11.711064744658083
4,7,0.925,-11.664400552427539
4,7,0.9500000000000001,-11.592190863015905
4,7,0.9750000000000001,-11.578254092559298
4,7,1.0,-11.542051978710996
4,8,0.0,-8.796950671877159
4,8,0.025,-9.699480479078815
4,8,0.05,-11.078847428798573
4,8,0.07500000000000001,-12.519015557593537
4,8,0.1,-13.855136784360614
4,8,0.125,-16.554898746570842
4,8,0.15000000000000002,-15.072484999386534
4,8,0.17500000000000002,-14.761340028028629
4,8,0.2,-15.115456760711801
4,8,0.225,-16.364146614402845
4,8,0.25,-17.8262716533601
4,8,0.275,-19.05551528877441
4,8,0.30000000000000004,-20.361942763872502
4,8,0.325,-21.452903846855662
4,8,0.35000000000000003,-22.63765533362096
4,8,0.375,-23.901712918234885
4,8,0.4,-24.32246745130248
4,8,0.42500000000000004,-25.62352501861529
4,8,0.45,-27.103482290856665
4,8,0.47500000000000003,-28.37473467664762
4,8,0.5,-29.10810081550993
4,8,0.525,-29.401226384008275
4,8,0.55,-29.211229521356756
4,8,0.5750000000000001,-28.97262588583755
4,8,0.6000000000000001,-28.457269961829226
4,8,0.625,-27.115624905776563
4,8,0.65,-26.44531951624786
4,8,0.675,-26.272677525892767
4,8,0.7000000000000001,-26.52933802611372
4,8,0.7250000000000001,-26.953673226412697
4,8,0.75,-27.38876066118506
4,8,0.775,-27.817376179962093
4,8,0.8,-28.107329348155226
4,8,0.8250000000000001,-28.255492606518636
4,8,0.8500000000000001,-28.377673588546834
4,8,0.875,-28.371610984597645
4,8,0.9,-28.101203488852846
4,8,0.925,-27.939553708391188
4,8,0.9500000000000001,-26.839724011242524
4,8,0.9750000000000001,-26.217729971905996
4,8,1.0,-25.960372390347104
5,6,0.0,-8.976148622929456
5,6,0.025,-8.802114509456858
5,6,0.05,-8.919440674800812
5,6,0.07500000000000001,-9.296602802802436
5,6,0.1,-9.874158485909682
5,6,0.125,-10.539352671924965
5,6,0.15000000000000002,-11.332681358479809
5,6,0.17500000000000002,-12.180197753355763
5,6,0.2,-13.025002945601653
5,6,0.225,-13.848543826267461
5,6,0.25,-14.665467034318327
5,6,0.275,-15.463932031981457
5,6,0.30000000000000004,-16.272264405496458
5,6,0.325,-16.80678072051995
5,6,0.35000000000000003,-17.309896987488905
5,6,0.375,-17.782264436907962
5,6,0.4,-18.222086352270942
5,6,0.42500000000000004,-18.637409360407826
5,6,0.45,-18.97798324894396
5,6,0.47500000000000003,-19.177993422648868
5,6,0.5,-19.409691510082112
5,6,0.525,-19.47856317329446
5,6,0.55,-19.135109982662694
5,6,0.5750000000000001,-18.754075631072784
5,6,0.6000000000000001,-18.331823777238704
5,6,0.625,-17.8713467433836
5,6,0.65,-17.37020851550872
5,6,0.675,-16.84914952472283
5,6,0.7000000000000001,-16.309675731403818
5,6,0.7250000000000001,-15.821341441159195
5,6,0.75,-15.294650857873085
5,6,0.775,-14.773247334323155
5,6,0.8,-14.25461322938374
5,6,0.8250000000000001,-13.783613164446649
5,6,0.8500000000000001,-13.336140319671488
5,6,0.875,-12.937497499052865
5,6,0.9,-12.579920688599861
5,6,0.925,-12.292907503213733
5,6,0.9500000000000001,-12.109596390269612
5,6,0.9750000000000001,-12.069841795419835
5,6,1.0,-12.13484397212032
5,7,0.0,-8.976148623059078
5,7,0.025,-8.82012855705039
5,7,0.05,-8.698821142337987
5,7,0.07500000000000001,-8.670951058609925
5,7,0.1,-8.719399647038854
5,7,0.125,-8.790732798446994
5,7,0.15000000000000002,-8.920786113329711
5,7,0.17500000000000002,-9.056552995786427
5,7,0.2,-9.19403749196038
5,7,0.225,-9.342410414879367
5,7,0.25,-9.519975226678937
5,7,0.275,-9.703595891210716
5,7,0.30000000000000004,-9.88734287156673
5,7,0.325,-10.072768557375566
5,7,0.35000000000000003,-10.231476313886809
5,7,0.375,-10.360956279960948
5,7,0.4,-10.490958049620877
5,7,0.42500000000000004,-10.640868180052305
5,7,0.45,-10.768861656160297
5,7,0.47500000000000003,-10.896437524542872
5,7,0.5,-11.01513107928008
5,7,0.525,-11.130586108409052
5,7,0.55,-11.243201763937924
5,7,0.5750000000000001,-11.344332223007537
5,7,0.6000000000000001,-11.362946721499313
5,7,0.625,-11.367075381022438
5,7,0.65,-11.371589040491378
5,7,0.675,-11.375695845700431
5,7,0.7000000000000001,-11.37662400548452
5,7,0.7250000000000001,-11.383273034608116
5,7,0.75,-11.290775090088847
5,7,0.775,-11.292102945016328
5,7,0.8,-11.314138248325303
5,7,0.8250000000000001,-11.33806934663325
5,7,0.8500000000000001,-11.35489998470264
5,7,0.875,-11.367467607999735
5,7,0.9,-11.38711618002201
5,7,0.925,-11.424697755416428
5,7,0.9500000000000001,-11.467546714072526
5,7,0.9750000000000001,-11.515218293227345
5,7,1.0,-11.542051978774596
5,8,0.0,-8.976148623103313
5,8,0.025,-10.241945430219157
5,8,0.05,-12.205888353111476
5,8,0.07500000000000001,-14.136714082267215
5,8,0.1,-15.71921303946843
5,8,0.125,-16.726952535170287
5,8,0.15000000000000002,-17.365368218072476
5,8,0.17500000000000002,-18.560601649627717
5,8,0.2,-19.265932649742226
5,8,0.225,-20.68302340508125
5,8,0.25,-22.23126185585629
5,8,0.275,-23.53452796337581
5,8,0.30000000000000004,-24.830743368464496
5,8,0.325,-26.156518403811845
5,8,0.35000000000000003,-27.801193039626114
5,8,0.375,-29.714530947245283
5,8,0.4,-32.127432147371465
5,8,0.42500000000000004,-33.53347297471498
5,8,0.45,-35.076677130867154
5,8,0.47500000000000003,-36.17612371609668
5,8,0.5,-36.635915267414546
5,8,0.525,-36.60018788012673
5,8,0.55,-36.071354992073296
5,8,0.5750000000000001,-34.813509315837806
5,8,0.6000000000000001,-33.79394352164276
5,8,0.625,-31.968048113345485
5,8,0.65,-30.40526835893622
5,8,0.675,-29.52359733149528
5,8,0.7000000000000001,-29.144027299451395
5,8,0.7250000000000001,-29.137504858343455
5,8,0.75,-29.2464277312245
5,8,0.775,-29.369967107608733
5,8,0.8,-29.465350342073975
5,8,0.8250000000000001,-29.338647532798568
5,8,0.8500000000000001,-29.177970081059897
5,8,0.875,-29.031400979243053
5,8,0.9,-28.461431500329763
5,8,0.925,-28.237285300984766
5,8,0.9500000000000001,-27.012698573691672
5,8,0.9750000000000001,-26.26992852086835
5,8,1.0,-25.960372390152607
6,7,0.0,-12.13484397261876
6,7,0.025,-12.09425843731945
6,7,0.05,-12.075615506985555
6,7,0.07500000000000001,-12.061227708050241
6,7,0.1,-12.04673425799624
6,7,0.125,-12.049179849040122
6,7,0.15000000000000002,-12.062758101861865
6,7,0.17500000000000002,-12.079810757815448
6,7,0.2,-12.099219959191164
6,7,0.225,-12.117659157636037
6,7,0.25,-12.133144355746385
6,7,0.275,-12.148008060034577
6,7,0.30000000000000004,-12.16084241577742
6,7,0.325,-12.17645106423944
6,7,0.35000000000000003,-12.185118335286381
6,7,0.375,-12.192370356461414
6,7,0.4,-12.196897777958974
6,7,0.42500000000000004,-12.19899703939387
6,7,0.45,-12.186840122105423
6,7,0.47500000000000003,-12.181090915723432
6,7,0.5,-12.180096242799326
6,7,0.525,-12.170076204016276
6,7,0.55,-12.160591190403402
6,7,0.5750000000000001,-12.148033904733206
6,7,0.6000000000000001,-12.132031921187338
6,7,0.625,-12.11014080106132
6,7,0.65,-12.08685618956472
6,7,0.675,-12.06285276422329
6,7,0.7000000000000001,-12.03841363782679
6,7,0.7250000000000001,-11.98554282013081
6,7,0.75,-11.958228792897817
6,7,0.775,-11.928814039128522
6,7,0.8,-11.896039721305232
6,7,0.8250000000000001,-11.859054882830145
6,7,0.8500000000000001,-11.826104544468304
6,7,0.875,-11.769800060012054
6,7,0.9,-11.752795579220463
6,7,0.925,-11.685196297227533
6,7,0.9500000000000001,-11.643945167152204
6,7,0.9750000000000001,-11.592928726516243
6,7,1.0,-11.542051978716987
6,8,0.0,-12.134843972168778
6,8,0.025,-12.933782112937223
6,8,0.05,-14.042144117242833
6,8,0.07500000000000001,-14.8747896885076
6,8,0.1,-15.309837718136581
6,8,0.125,-15.711452745719159
6,8,0.15000000000000002,-16.004579270620845
6,8,0.17500000000000002,-15.80328245392612
6,8,0.2,-16.243700535260967
6,8,0.225,-17.350929498019113
6,8,0.25,-18.912285066461457
6,8,0.275,-20.26077932879808
6,8,0.30000000000000004,-21.369501831025502
6,8,0.325,-22.188491945416775
6,8,0.35000000000000003,-23.142931490670335
6,8,0.375,-24.36734355501563
6,8,0.4,-24.60599750105947
6,8,0.42500000000000004,-25.55200962993242
6,8,0.45,-26.726364217704408
6,8,0.47500000000000003,-27.95655473593664
6,8,0.5,-28.68047619487792
6,8,0.525,-28.968796111876856
6,8,0.55,-28.811123284829144
6,8,0.5750000000000001,-28.595262457987427
6,8,0.6000000000000001,-28.052913096490627
6,8,0.625,-26.86042754460376
6,8,0.65,-26.290339233906323
6,8,0.675,-26.143077736721438
6,8,0.7000000000000001,-26.377712995167975
6,8,0.7250000000000001,-26.76496694388216
6,8,0.75,-27.149875935606293
6,8,0.775,-27.56329940660148
6,8,0.8,-27.866413063222595
6,8,0.8250000000000001,-28.055305470980933
6,8,0.8500000000000001,-28.263033813460567
6,8,0.875,-28.31067412411127
6,8,0.9,-28.034690570410596
6,8,0.925,-27.890165030360365
6,8,0.9500000000000001,-26.824439385178096
6,8,0.9750000000000001,-26.2168632346492
6,8,1.0,-25.96037239024215
7,8,0.0,-11.542051978689507
7,8,0.025,-12.422428097152732
7,8,0.05,-13.6312927002539
7,8,0.07500000000000001,-14.508175163183228
7,8,0.1,-14.907518357662621
7,8,0.125,-15.214845285951231
7,8,0.15000000000000002,-15.39701972056063
7,8,0.17500000000000002,-15.166500736760586
7,8,0.2,-15.588048509337622
7,8,0.225,-16.68784463653742
7,8,0.25,-18.072096823695198
7,8,0.275,-19.350005142183587
7,8,0.30000000000000004,-20.416048756225443
7,8,0.325,-21.27646956918216
7,8,0.35000000000000003,-22.17958522382032
7,8,0.375,-23.454643436841145
7,8,0.4,-23.928332198538158
7,8,0.42500000000000004,-25.04316679295894
7,8,0.45,-26.611613648566518
7,8,0.47500000000000003,-27.85695016784046
7,8,0.5,-28.663988346953158
7,8,0.525,-29.032174811431496
7,8,0.55,-28.86504739066443
7,8,0.5750000000000001,-28.61317872151576
7,8,0.6000000000000001,-28.21102560551788
7,8,0.625,-26.89506920231033
7,8,0.65,-26.25462477616164
7,8,0.675,-26.071889304955736
7,8,0.7000000000000001,-26.278307497276344
7,8,0.7250000000000001,-26.677931653700647
7,8,0.75,-27.091936357538323
7,8,0.775,-27.511332643363566
7,8,0.8,-27.834852823914744
7,8,0.8250000000000001,-28.057236529521553
7,8,0.8500000000000001,-28.259237164093406
7,8,0.875,-28.296708674306394
7,8,0.9,-28.0228274536636
7,8,0.925,-27.908678127885267
7,8,0.9500000000000001,-26.82680878160418
7,8,0.9750000000000001,-26.215877139619998
7,8,1.0,-25.960372390090292
