line,scheme,step_sd,logL,min_growth,n_infeasible,n_below_mask,T_min_growth
axis:f_maint,current,-1.0,-7.502968433263122,0.000874190860286754,0,0,50.0
axis:f_maint,current,-0.9500000000000001,-7.4785745050974155,0.0008741076764307394,0,0,50.0
axis:f_maint,current,-0.9,-7.454238227199657,0.0008740244925554959,0,0,50.0
axis:f_maint,current,-0.8500000000000001,-7.429959441634652,0.0008739413086677211,0,0,50.0
axis:f_maint,current,-0.8,-7.405737992275429,0.0008738581248133335,0,0,50.0
axis:f_maint,current,-0.75,-7.381573724002766,0.0008737749409408622,0,0,50.0
axis:f_maint,current,-0.7000000000000001,-7.357466482341963,0.0008736917570683945,0,0,50.0
axis:f_maint,current,-0.65,-7.333416114216023,0.0008736085731769583,0,0,50.0
axis:f_maint,current,-0.6000000000000001,-7.309422465995701,0.0008735253893234557,0,0,50.0
axis:f_maint,current,-0.55,-7.285485386988861,0.0008734422054544613,0,0,50.0
axis:f_maint,current,-0.5,-7.261604726698741,0.0008733590215739224,0,0,50.0
axis:f_maint,current,-0.45,-7.237780334775909,0.0008732758376927802,0,0,50.0
axis:f_maint,current,-0.4,-7.214012062555122,0.0008731926538238812,0,0,50.0
axis:f_maint,current,-0.35000000000000003,-7.198898777711207,0.000873109469947107,0,0,50.0
axis:f_maint,current,-0.30000000000000004,-7.197956564385094,0.0008730262860886669,0,0,50.0
axis:f_maint,current,-0.25,-7.197773465154004,0.0008729431022161719,0,0,50.0
axis:f_maint,current,-0.2,-7.198193717397569,0.0008728599183437024,0,0,50.0
axis:f_maint,current,-0.15000000000000002,-7.1988980519923595,0.000688426782149226,0,0,15.0
axis:f_maint,current,-0.1,-7.199933072880029,0.0004922845209657894,0,0,15.0
axis:f_maint,current,-0.05,-7.201296595995234,0.00029614225978223706,0,0,15.0
axis:f_maint,current,0.0,-7.185975143950628,9.999999859862579e-05,0,1,15.0
axis:f_maint,current,0.05,-7.22549343585881,0.0,1,1,15.0
axis:f_maint,current,0.1,-7.265087480769352,0.0,1,1,15.0
axis:f_maint,current,0.15000000000000002,-7.305320101158372,0.0,1,1,15.0
axis:f_maint,current,0.2,-7.346504916802018,0.0,1,1,15.0
axis:f_maint,current,0.25,-7.388489967257671,0.0,1,1,15.0
axis:f_maint,current,0.30000000000000004,-7.431124565022434,0.0,1,1,15.0
axis:f_maint,current,0.35000000000000003,-7.474408766481043,0.0,1,1,15.0
axis:f_maint,current,0.4,-7.5183646504714305,0.0,1,1,15.0
axis:f_maint,current,0.45,-7.56330444929562,0.0,1,1,15.0
axis:f_maint,current,0.5,-7.60954285869148,0.0,1,1,15.0
axis:f_maint,current,0.55,-7.656524753713568,0.0,1,1,15.0
axis:f_maint,current,0.6000000000000001,-7.704574134584409,0.0,1,1,15.0
axis:f_maint,current,0.65,-7.753563018487195,0.0,1,1,15.0
axis:f_maint,current,0.7000000000000001,-7.8034750903829835,0.0,1,1,15.0
axis:f_maint,current,0.75,-7.854310515432606,0.0,1,1,15.0
axis:f_maint,current,0.8,-7.90606946072949,0.0,1,1,15.0
axis:f_maint,current,0.8500000000000001,-7.958721824558758,0.0,1,1,15.0
axis:f_maint,current,0.9,-8.01241277703712,0.0,1,1,15.0
axis:f_maint,current,0.9500000000000001,-8.067311551008174,0.0,1,1,15.0
axis:f_maint,current,1.0,-8.123154956853824,0.0,1,1,15.0
PC1,current,-1.0,-14.707658166950237,0.0008279894110415904,0,0,50.0
PC1,current,-0.9500000000000001,-14.18393596650659,0.0008307487089583076,0,0,50.0
PC1,current,-0.9,-13.672438043395935,0.0008334690261991408,0,0,50.0
PC1,current,-0.8500000000000001,-13.16879177244823,0.0008361476668448374,0,0,50.0
PC1,current,-0.8,-12.55568011481858,0.0008387818096891818,0,0,50.0
PC1,current,-0.75,-12.101933251216595,0.0008413685022736618,0,0,50.0
PC1,current,-0.7000000000000001,-11.6558535682405,0.0008439046548641168,0,0,50.0
PC1,current,-0.65,-11.226143789124055,0.0008463870340942377,0,0,50.0
PC1,current,-0.6000000000000001,-10.810572383792415,0.0008488122566449145,0,0,50.0
PC1,current,-0.55,-10.41130551615061,0.0008511767825240194,0,0,50.0
PC1,current,-0.5,-10.024760076674902,0.0008534769083734592,0,0,50.0
PC1,current,-0.45,-9.654789939993089,0.000855708760574343,0,0,50.0
PC1,current,-0.4,-9.292068149755178,0.0008578682882500736,0,0,50.0
PC1,current,-0.35000000000000003,-8.94734013262492,0.0008599512561935558,0,0,50.0
PC1,current,-0.30000000000000004,-8.635032749909767,0.0008619532377029643,0,0,50.0
PC1,current,-0.25,-8.350476965395654,0.0008638696074335029,0,0,50.0
PC1,current,-0.2,-8.087853697200782,0.0008656955342096714,0,0,50.0
PC1,current,-0.15000000000000002,-7.845328296801361,0.0008674259740017161,0,0,50.0
PC1,current,-0.1,-7.557468526083726,0.0007617422573145312,0,0,15.0
PC1,current,-0.05,-7.364545193512513,0.00043622511356464547,0,0,15.0
PC1,current,0.0,-7.185975143950628,9.999999859862579e-05,0,1,15.0
PC1,current,0.05,-7.118079253725976,0.0,1,1,15.0
PC1,current,0.1,-7.075299303459111,0.0,1,1,15.0
PC1,current,0.15000000000000002,-7.064922226024142,0.0,1,1,15.0
PC1,current,0.2,-7.068257978978909,0.0,1,1,15.0
PC1,current,0.25,-7.090485021267736,0.0,1,1,15.0
PC1,current,0.30000000000000004,-7.166234693322825,0.0,1,1,15.0
PC1,current,0.35000000000000003,-7.297215469190126,0.0,1,1,15.0
PC1,current,0.4,-7.45637071177161,0.0,1,1,15.0
PC1,current,0.45,-7.639974512627857,0.0,1,1,15.0
PC1,current,0.5,-7.8527293196360795,0.0,1,1,15.0
PC1,current,0.55,-8.060245264254977,0.0,1,1,15.0
PC1,current,0.6000000000000001,-8.338802998201889,0.0,1,1,15.0
PC1,current,0.65,-8.629504167001894,0.0,1,1,15.0
PC1,current,0.7000000000000001,-8.961490032063049,0.0,1,1,15.0
PC1,current,0.75,-9.327164838021655,0.0,1,1,15.0
PC1,current,0.8,-9.727200480583507,0.0,1,1,15.0
PC1,current,0.8500000000000001,-10.157108797580875,0.0,1,1,15.0
PC1,current,0.9,-10.621575754889639,0.0,1,1,15.0
PC1,current,0.9500000000000001,-11.118663346378582,0.0,1,1,15.0
PC1,current,1.0,-11.650845423696977,0.0,1,1,15.0
axis:clearance_mult,current,-1.0,-8.978242338339644,0.0,1,1,15.0
axis:clearance_mult,current,-0.9500000000000001,-8.717400054421613,0.0,1,1,15.0
axis:clearance_mult,current,-0.9,-8.474649146142106,0.0,1,1,15.0
axis:clearance_mult,current,-0.8500000000000001,-8.251265710678387,0.0,1,1,15.0
axis:clearance_mult,current,-0.8,-8.054416009811879,0.0,1,1,15.0
axis:clearance_mult,current,-0.75,-7.886158562133193,0.0,1,1,15.0
axis:clearance_mult,current,-0.7000000000000001,-7.751249786571756,0.0,1,1,15.0
axis:clearance_mult,current,-0.65,-7.63844840624172,0.0,1,1,15.0
axis:clearance_mult,current,-0.6000000000000001,-7.547329795313665,0.0,1,1,15.0
axis:clearance_mult,current,-0.55,-7.470635069819442,0.0,1,1,15.0
axis:clearance_mult,current,-0.5,-7.403614062301827,0.0,1,1,15.0
axis:clearance_mult,current,-0.45,-7.35362352980145,0.0,1,1,15.0
axis:clearance_mult,current,-0.4,-7.3100075185331095,0.0,1,1,15.0
axis:clearance_mult,current,-0.35000000000000003,-7.282652044230248,0.0,1,1,15.0
axis:clearance_mult,current,-0.30000000000000004,-7.260820221246237,0.0,1,1,15.0
axis:clearance_mult,current,-0.25,-7.2376092754692,0.0,1,1,15.0
axis:clearance_mult,current,-0.2,-7.218776675131388,0.0,1,1,15.0
axis:clearance_mult,current,-0.15000000000000002,-7.201330501931588,0.0,1,1,15.0
axis:clearance_mult,current,-0.1,-7.187001650758413,0.0,1,1,15.0
axis:clearance_mult,current,-0.05,-7.184469723544112,0.0,1,1,15.0
axis:clearance_mult,current,0.0,-7.185975143950628,9.999999859862579e-05,0,1,15.0
axis:clearance_mult,current,0.05,-7.252935044945982,0.00037025345936433923,0,0,15.0
axis:clearance_mult,current,0.1,-7.30430794118464,0.000612470994854971,0,0,15.0
axis:clearance_mult,current,0.15000000000000002,-7.3600590889337845,0.0008581605960230283,0,0,15.0
axis:clearance_mult,current,0.2,-7.42431915820571,0.000872592993791498,0,0,50.0
axis:clearance_mult,current,0.25,-7.491560736485907,0.0008726100403252939,0,0,50.0
axis:clearance_mult,current,0.30000000000000004,-7.557719566365537,0.0008726273312140659,0,0,50.0
axis:clearance_mult,current,0.35000000000000003,-7.631281126448152,0.0008726448699571242,0,0,50.0
axis:clearance_mult,current,0.4,-7.7105284268979215,0.0008726626601094823,0,0,50.0
axis:clearance_mult,current,0.45,-7.794715897864376,0.0008726807052762367,0,0,50.0
axis:clearance_mult,current,0.5,-7.884076553521592,0.000872699009110157,0,0,50.0
axis:clearance_mult,current,0.55,-7.985009413936275,0.0008727175753202659,0,0,50.0
axis:clearance_mult,current,0.6000000000000001,-8.087082576411579,0.0008727364076675933,0,0,50.0
axis:clearance_mult,current,0.65,-8.199782092541756,0.0008727555099671064,0,0,50.0
axis:clearance_mult,current,0.7000000000000001,-8.310925128170588,0.0008727748860883492,0,0,50.0
axis:clearance_mult,current,0.75,-8.431466157858456,0.000872794539956501,0,0,50.0
axis:clearance_mult,current,0.8,-8.55777542390608,0.000872814475550137,0,0,50.0
axis:clearance_mult,current,0.8500000000000001,-8.688614092877957,0.0008728346969158859,0,0,50.0
axis:clearance_mult,current,0.9,-8.822462824785196,0.000872855208141105,0,0,50.0
axis:clearance_mult,current,0.9500000000000001,-8.959371187938594,0.0008728760133861563,0,0,50.0
axis:clearance_mult,current,1.0,-9.112273946751067,0.0008728971168608702,0,0,50.0
axis:kcat_scale,current,-1.0,-36.88654654262272,0.0,1,1,15.0
axis:kcat_scale,current,-0.9500000000000001,-34.37111836982058,0.0,1,1,15.0
axis:kcat_scale,current,-0.9,-31.96220236691009,0.0,1,1,15.0
axis:kcat_scale,current,-0.8500000000000001,-29.725279578486756,0.0,1,1,15.0
axis:kcat_scale,current,-0.8,-27.581300517504644,0.0,1,1,15.0
axis:kcat_scale,current,-0.75,-25.5072568946093,0.0,1,1,15.0
axis:kcat_scale,current,-0.7000000000000001,-23.531854261099802,0.0,1,1,15.0
axis:kcat_scale,current,-0.65,-21.69351610343234,0.0,1,1,15.0
axis:kcat_scale,current,-0.6000000000000001,-19.923807484942124,0.0,1,1,15.0
axis:kcat_scale,current,-0.55,-18.235838178864896,0.0,1,1,15.0
axis:kcat_scale,current,-0.5,-16.625112688703858,0.0,1,1,15.0
axis:kcat_scale,current,-0.45,-15.101983935943284,0.0,1,1,15.0
axis:kcat_scale,current,-0.4,-13.698428200007816,0.0,1,1,15.0
axis:kcat_scale,current,-0.35000000000000003,-12.393220484730286,0.0,1,1,15.0
axis:kcat_scale,current,-0.30000000000000004,-11.192244101082027,0.0,1,1,15.0
axis:kcat_scale,current,-0.25,-10.106778105468866,0.0,1,1,15.0
axis:kcat_scale,current,-0.2,-9.16407398049705,0.0,1,1,15.0
axis:kcat_scale,current,-0.15000000000000002,-8.427859900500764,0.0,1,1,15.0
axis:kcat_scale,current,-0.1,-7.862094079851577,0.0,1,1,15.0
axis:kcat_scale,current,-0.05,-7.4422478116917254,0.0,1,1,15.0
axis:kcat_scale,current,0.0,-7.185975143950628,9.999999859862579e-05,0,1,15.0
axis:kcat_scale,current,0.05,-7.245964809596053,0.0008983601097105169,0,0,50.0
axis:kcat_scale,current,0.1,-7.440913971061926,0.0009249408505204845,0,0,50.0
axis:kcat_scale,current,0.15000000000000002,-7.790937074631105,0.0009522910531487033,0,0,50.0
axis:kcat_scale,current,0.2,-8.283151846947693,0.000980432991970189,0,0,50.0
axis:kcat_scale,current,0.25,-8.928050929593908,0.001009389586264198,0,0,50.0
axis:kcat_scale,current,0.30000000000000004,-9.703095940678576,0.0010391844187535113,0,0,50.0
axis:kcat_scale,current,0.35000000000000003,-10.618063215791523,0.0010698417548288199,0,0,50.0
axis:kcat_scale,current,0.4,-11.699827112114525,0.0011013865623451067,0,0,50.0
axis:kcat_scale,current,0.45,-12.910006035973165,0.0011338445318876671,0,0,50.0
axis:kcat_scale,current,0.5,-14.22783818899898,0.001167242097763112,0,0,50.0
axis:kcat_scale,current,0.55,-15.556315977357443,0.0012016064594938124,0,0,50.0
axis:kcat_scale,current,0.6000000000000001,-16.986875133492834,0.0012369656039764576,0,0,50.0
axis:kcat_scale,current,0.65,-18.48670976377035,0.001273348328275077,0,0,50.0
axis:kcat_scale,current,0.7000000000000001,-20.145065676855726,0.0013107842630523479,0,0,50.0
axis:kcat_scale,current,0.75,-21.95152007366848,0.0013493038968081042,0,0,50.0
axis:kcat_scale,current,0.8,-23.906755212651653,0.0013889386004964795,0,0,50.0
axis:kcat_scale,current,0.8500000000000001,-26.04043577094746,0.001429720653287859,0,0,50.0
axis:kcat_scale,current,0.9,-28.38724222561012,0.0014716832687512406,0,0,50.0
axis:kcat_scale,current,0.9500000000000001,-30.964706707742288,0.0015148606219250454,0,0,50.0
axis:kcat_scale,current,1.0,-33.69669235285028,0.0015592878771465305,0,0,50.0
PC2,current,-1.0,-11.694137986615209,0.0,1,1,15.0
PC2,current,-0.9500000000000001,-11.010787635644148,0.0,1,1,15.0
PC2,current,-0.9,-10.32559352037701,0.0,1,1,15.0
PC2,current,-0.8500000000000001,-10.006837003912219,0.0,1,1,15.0
PC2,current,-0.8,-9.768827975667197,0.0,1,1,15.0
PC2,current,-0.75,-9.546141031014931,0.0,1,1,15.0
PC2,current,-0.7000000000000001,-9.28651650009432,0.0,1,1,15.0
PC2,current,-0.65,-9.144579952166076,0.0,1,1,15.0
PC2,current,-0.6000000000000001,-8.933476012320813,0.0,1,1,15.0
PC2,current,-0.55,-8.736587597216921,0.0,1,1,15.0
PC2,current,-0.5,-8.470426919002882,0.0,1,1,15.0
PC2,current,-0.45,-8.293345927114338,0.0,1,1,15.0
PC2,current,-0.4,-8.140173202955204,0.0,1,1,15.0
PC2,current,-0.35000000000000003,-7.992743289367867,0.0,1,1,15.0
PC2,current,-0.30000000000000004,-7.855049026056308,0.0,1,1,15.0
PC2,current,-0.25,-7.73649571110419,0.0,1,1,15.0
PC2,current,-0.2,-7.625554813948205,0.0,1,1,15.0
PC2,current,-0.15000000000000002,-7.5136904578516255,0.0,1,1,15.0
PC2,current,-0.1,-7.413187984186134,0.0,1,1,15.0
PC2,current,-0.05,-7.259572357966693,0.0,1,1,15.0
PC2,current,0.0,-7.185975143950628,9.999999859862579e-05,0,1,15.0
PC2,current,0.05,-7.293529367625034,0.0008678367878189419,0,0,50.0
PC2,current,0.1,-7.394396754093111,0.0008631523249239915,0,0,50.0
PC2,current,0.15000000000000002,-7.510388566651105,0.000858473444681468,0,0,50.0
PC2,current,0.2,-7.63750722957559,0.0008537997926531646,0,0,50.0
PC2,current,0.25,-7.7793213269568655,0.0008491310094803249,0,0,50.0
PC2,current,0.30000000000000004,-7.939131082602475,0.0008444667312142115,0,0,50.0
PC2,current,0.35000000000000003,-8.135970332287394,0.000839806589413601,0,0,50.0
PC2,current,0.4,-8.339017448068867,0.0008351502113990406,0,0,50.0
PC2,current,0.45,-8.496499608601345,0.0008307033625434011,0,0,50.0
PC2,current,0.5,-8.709725381581226,0.0008265336994422923,0,0,50.0
PC2,current,0.55,-8.934038373524253,0.0008223762196480969,0,0,50.0
PC2,current,0.6000000000000001,-9.107463006058655,0.0008182307513655136,0,0,50.0
PC2,current,0.65,-9.225823635375885,0.0008140971216832448,0,0,50.0
PC2,current,0.7000000000000001,-9.372375946059897,0.000809975156642859,0,0,50.0
PC2,current,0.75,-9.505755454428163,0.0008058646813859988,0,0,50.0
PC2,current,0.8,-9.67034777358293,0.0008017655203623423,0,0,50.0
PC2,current,0.8500000000000001,-9.83951107064778,0.0007976774974198214,0,0,50.0
PC2,current,0.9,-10.054339788107947,0.0007936004359030448,0,0,50.0
PC2,current,0.9500000000000001,-10.242578020751196,0.0007895341589216526,0,0,50.0
PC2,current,1.0,-10.448547124083015,0.0007854784895455717,0,0,50.0
axis:topt_scale,current,-1.0,-16.523819603816044,0.0008658723459902955,0,0,50.0
axis:topt_scale,current,-0.9500000000000001,-15.796171350810935,0.0008662346560997227,0,0,50.0
axis:topt_scale,current,-0.9,-15.10055052111619,0.0008665942271761392,0,0,50.0
axis:topt_scale,current,-0.8500000000000001,-14.434031108807392,0.0008669509907111347,0,0,50.0
axis:topt_scale,current,-0.8,-13.818609228249347,0.0008673048786661554,0,0,50.0
axis:topt_scale,current,-0.75,-13.159749493563952,0.0008676558238263323,0,0,50.0
axis:topt_scale,current,-0.7000000000000001,-12.560515531403057,0.0008680037600688963,0,0,50.0
axis:topt_scale,current,-0.65,-11.996282717995609,0.0008683486228552004,0,0,50.0
axis:topt_scale,current,-0.6000000000000001,-11.474810342596165,0.0008686903493610812,0,0,50.0
axis:topt_scale,current,-0.55,-10.99525613916144,0.0008690288790649391,0,0,50.0
axis:topt_scale,current,-0.5,-10.553526336715843,0.0008693641582636348,0,0,50.0
axis:topt_scale,current,-0.45,-10.153138718757706,0.0008696961269647398,0,0,50.0
axis:topt_scale,current,-0.4,-9.921973075919787,0.0008700247324651451,0,0,50.0
axis:topt_scale,current,-0.35000000000000003,-9.597755124655855,0.0008703499250906141,0,0,50.0
axis:topt_scale,current,-0.30000000000000004,-9.09873505571104,0.0008706716581957602,0,0,50.0
axis:topt_scale,current,-0.25,-8.624506914566737,0.0008709898882621548,0,0,50.0
axis:topt_scale,current,-0.2,-8.213462013779697,0.0008713045748965292,0,0,50.0
axis:topt_scale,current,-0.15000000000000002,-7.85851329427939,0.0008716156807236406,0,0,50.0
axis:topt_scale,current,-0.1,-7.577477184427893,0.0008719231712999515,0,0,50.0
axis:topt_scale,current,-0.05,-7.355217511838274,0.0008722270149925937,0,0,50.0
axis:topt_scale,current,0.0,-7.185975143950628,9.999999859862579e-05,0,1,15.0
axis:topt_scale,current,0.05,-7.315776682106734,0.0,1,1,15.0
axis:topt_scale,current,0.1,-7.513736923893433,0.0,1,1,15.0
axis:topt_scale,current,0.15000000000000002,-7.7844195065845145,0.0,1,1,15.0
axis:topt_scale,current,0.2,-8.13251031803875,0.0,1,1,15.0
axis:topt_scale,current,0.25,-8.561871130870596,0.0,1,1,15.0
axis:topt_scale,current,0.30000000000000004,-9.087823665456163,0.0,1,1,15.0
axis:topt_scale,current,0.35000000000000003,-9.702728077190983,0.0,1,1,15.0
axis:topt_scale,current,0.4,-10.413080974348176,0.0,1,1,15.0
axis:topt_scale,current,0.45,-11.246399107737119,0.0,1,1,15.0
axis:topt_scale,current,0.5,-12.356776027388824,0.0,1,1,15.0
axis:topt_scale,current,0.55,-13.532884062763445,0.0,1,1,15.0
axis:topt_scale,current,0.6000000000000001,-14.975192772650832,0.0,1,1,15.0
axis:topt_scale,current,0.65,-16.80098638838613,0.0,1,1,15.0
axis:topt_scale,current,0.7000000000000001,-19.193931518922295,0.0,1,1,15.0
axis:topt_scale,current,0.75,-22.239234965786753,0.0,1,1,15.0
axis:topt_scale,current,0.8,-26.394115982729822,0.0,1,1,15.0
axis:topt_scale,current,0.8500000000000001,-32.02745504349814,0.0,1,1,15.0
axis:topt_scale,current,0.9,-39.27861847192897,0.0,1,1,15.0
axis:topt_scale,current,0.9500000000000001,-47.830485863965606,0.0,1,1,15.0
axis:topt_scale,current,1.0,-56.288466099649554,0.0,1,1,15.0
axis:dCp_scale,current,-1.0,-35.547001130302576,0.000885752097467714,0,0,50.0
axis:dCp_scale,current,-0.9500000000000001,-32.91442054996013,0.0008852589888661699,0,0,50.0
axis:dCp_scale,current,-0.9,-30.34462899091901,0.0008847498297359604,0,0,50.0
axis:dCp_scale,current,-0.8500000000000001,-27.806953039787338,0.0008842240136758728,0,0,50.0
axis:dCp_scale,current,-0.8,-25.37327664043143,0.000883680907066161,0,0,50.0
axis:dCp_scale,current,-0.75,-23.096726625325154,0.0008831198474779729,0,0,50.0
axis:dCp_scale,current,-0.7000000000000001,-21.001088559566256,0.0008825401422678886,0,0,50.0
axis:dCp_scale,current,-0.65,-19.068250960429236,0.0008819410669068974,0,0,50.0
axis:dCp_scale,current,-0.6000000000000001,-17.29607463050576,0.0008813218632510105,0,0,50.0
axis:dCp_scale,current,-0.55,-15.702048772810533,0.0008806817377190603,0,0,50.0
axis:dCp_scale,current,-0.5,-14.26593852069178,0.0008800198593490521,0,0,50.0
axis:dCp_scale,current,-0.45,-12.980472724873033,0.0008793353577533815,0,0,50.0
axis:dCp_scale,current,-0.4,-11.843540692519543,0.0008786273208716132,0,0,50.0
axis:dCp_scale,current,-0.35000000000000003,-10.87573543048618,0.0008778947927488082,0,0,50.0
axis:dCp_scale,current,-0.30000000000000004,-10.073790475654953,0.0008771367709730929,0,0,50.0
axis:dCp_scale,current,-0.25,-9.438002376553307,0.0008763522040772816,0,0,50.0
axis:dCp_scale,current,-0.2,-9.08994787759275,0.0008755399887602917,0,0,50.0
axis:dCp_scale,current,-0.15000000000000002,-8.802701166744892,0.0008746989668837889,0,0,50.0
axis:dCp_scale,current,-0.1,-8.42032070836839,0.0008738279224364188,0,0,50.0
axis:dCp_scale,current,-0.05,-7.701062053574883,0.0008729255779343033,0,0,50.0
axis:dCp_scale,current,0.0,-7.185975143950628,9.999999859862579e-05,0,1,15.0
axis:dCp_scale,current,0.05,-7.473439208600151,0.0,1,1,15.0
axis:dCp_scale,current,0.1,-7.936306815809299,0.0,1,1,15.0
axis:dCp_scale,current,0.15000000000000002,-8.579675683396172,0.0,1,1,15.0
axis:dCp_scale,current,0.2,-9.399090684866792,0.0,1,1,15.0
axis:dCp_scale,current,0.25,-10.510928993452794,0.0,1,1,15.0
axis:dCp_scale,current,0.30000000000000004,-11.657984001086051,0.0,1,1,15.0
axis:dCp_scale,current,0.35000000000000003,-12.963372768932322,0.0,1,1,15.0
axis:dCp_scale,current,0.4,-14.420450012486905,0.0,1,1,15.0
axis:dCp_scale,current,0.45,-16.016072648226128,0.0,1,1,15.0
axis:dCp_scale,current,0.5,-19.19278101087906,0.0,1,1,15.0
axis:dCp_scale,current,0.55,-20.63777205727817,0.0,1,1,15.0
axis:dCp_scale,current,0.6000000000000001,-22.510405560076865,0.0,1,1,15.0
axis:dCp_scale,current,0.65,-23.36128281411692,0.0,1,1,15.0
axis:dCp_scale,current,0.7000000000000001,-24.78307690738779,0.0,1,1,15.0
axis:dCp_scale,current,0.75,-26.314366416528536,0.0,1,1,15.0
axis:dCp_scale,current,0.8,-28.044654103811933,0.0,2,2,15.0
axis:dCp_scale,current,0.8500000000000001,-30.273240850988465,0.0,2,2,15.0
axis:dCp_scale,current,0.9,-32.59706336720134,0.0,2,2,15.0
axis:dCp_scale,current,0.9500000000000001,-36.35731505433891,0.0,2,2,15.0
axis:dCp_scale,current,1.0,-41.1728293288307,0.0,2,2,15.0
axis:ngam_scale,current,-1.0,-8.466406882912253,0.0008793900379717772,0,0,50.0
axis:ngam_scale,current,-0.9500000000000001,-8.47588517486189,0.0008791075901336229,0,0,50.0
axis:ngam_scale,current,-0.9,-8.48138492786648,0.0008788194928521503,0,0,50.0
axis:ngam_scale,current,-0.8500000000000001,-8.48755460881515,0.0008785256332021404,0,0,50.0
axis:ngam_scale,current,-0.8,-8.495062091490889,0.0008782258957346193,0,0,50.0
axis:ngam_scale,current,-0.75,-8.503576893902636,0.000877920163090788,0,0,50.0
axis:ngam_scale,current,-0.7000000000000001,-8.512862198401878,0.0008776083152677245,0,0,50.0
axis:ngam_scale,current,-0.65,-8.522932493307472,0.0008772902299579259,0,0,50.0
axis:ngam_scale,current,-0.6000000000000001,-8.533810979106548,0.0008769657824022852,0,0,50.0
axis:ngam_scale,current,-0.55,-8.47938274749204,0.0008766348453548917,0,0,50.0
axis:ngam_scale,current,-0.5,-8.364944019032674,0.0008762972890079469,0,0,50.0
axis:ngam_scale,current,-0.45,-8.250235327102718,0.0008759529809453657,0,0,50.0
axis:ngam_scale,current,-0.4,-8.135258699172935,0.0008756017861599091,0,0,50.0
axis:ngam_scale,current,-0.35000000000000003,-8.021410168153619,0.0008752435668968855,0,0,50.0
axis:ngam_scale,current,-0.30000000000000004,-7.90833405193692,0.0008748781826285758,0,0,50.0
axis:ngam_scale,current,-0.25,-7.794120585257447,0.0008745054900578119,0,0,50.0
axis:ngam_scale,current,-0.2,-7.678777169432315,0.0008741253429858279,0,0,50.0
axis:ngam_scale,current,-0.15000000000000002,-7.562312092199583,0.0008737375923715844,0,0,50.0
axis:ngam_scale,current,-0.1,-7.444734563850259,0.0008733420860515301,0,0,50.0
axis:ngam_scale,current,-0.05,-7.324044950214899,0.0008729386689732328,0,0,50.0
axis:ngam_scale,current,0.0,-7.185975143950628,9.999999859862579e-05,0,1,15.0
axis:ngam_scale,current,0.05,-7.212777347695908,0.0,1,1,15.0
axis:ngam_scale,current,0.1,-7.239525845746868,0.0,1,1,15.0
axis:ngam_scale,current,0.15000000000000002,-7.266833036060323,0.0,1,1,15.0
axis:ngam_scale,current,0.2,-7.295271831244191,0.0,1,1,15.0
axis:ngam_scale,current,0.25,-7.324872685149366,0.0,1,1,15.0
axis:ngam_scale,current,0.30000000000000004,-7.355623902253146,0.0,1,1,15.0
axis:ngam_scale,current,0.35000000000000003,-7.387649185270982,0.0,1,1,15.0
axis:ngam_scale,current,0.4,-7.42086964319523,0.0,1,1,15.0
axis:ngam_scale,current,0.45,-7.455605691833385,0.0,1,1,15.0
axis:ngam_scale,current,0.5,-7.491675257394519,0.0,1,1,15.0
axis:ngam_scale,current,0.55,-7.5290526447990835,0.0,1,1,15.0
axis:ngam_scale,current,0.6000000000000001,-7.567927538294857,0.0,1,1,15.0
axis:ngam_scale,current,0.65,-7.608084482069513,0.0,1,1,15.0
axis:ngam_scale,current,0.7000000000000001,-7.649969728556204,0.0,1,1,15.0
axis:ngam_scale,current,0.75,-7.693662922905499,0.0,1,1,15.0
axis:ngam_scale,current,0.8,-7.739162596113974,0.0,1,1,15.0
axis:ngam_scale,current,0.8500000000000001,-7.786555506162182,0.0,1,1,15.0
axis:ngam_scale,current,0.9,-7.835928618316499,0.0,1,1,15.0
axis:ngam_scale,current,0.9500000000000001,-7.8874328238538665,0.0,1,1,15.0
axis:ngam_scale,current,1.0,-7.94141233531077,0.0,1,1,15.0
PC3,current,-1.0,-16.762462164086244,0.0011026620635172506,0,0,50.0
PC3,current,-0.9500000000000001,-15.981852567236894,0.0010904909240744235,0,0,50.0
PC3,current,-0.9,-15.251115182874594,0.0010783241934787966,0,0,50.0
PC3,current,-0.8500000000000001,-14.567311290145598,0.0010661725887831147,0,0,50.0
PC3,current,-0.8,-13.791908185713403,0.0010540459349765783,0,0,50.0
PC3,current,-0.75,-13.04783995286795,0.0010419532250310378,0,0,50.0
PC3,current,-0.7000000000000001,-12.359423453059835,0.0010299030814951969,0,0,50.0
PC3,current,-0.65,-11.72630599940832,0.0010179039344426447,0,0,50.0
PC3,current,-0.6000000000000001,-11.10502561529799,0.001005961201952421,0,0,50.0
PC3,current,-0.55,-10.519907931271872,0.000994081090469185,0,0,50.0
PC3,current,-0.5,-9.980242151409058,0.0009822692286828606,0,0,50.0
PC3,current,-0.45,-9.473265543763475,0.0009705307096030237,0,0,50.0
PC3,current,-0.4,-9.015386401713876,0.0009588701302028817,0,0,50.0
PC3,current,-0.35000000000000003,-8.616406260911944,0.0009472916280018535,0,0,50.0
PC3,current,-0.30000000000000004,-8.270061892937719,0.0009357989157308159,0,0,50.0
PC3,current,-0.25,-7.972247701256025,0.000924395313377971,0,0,50.0
PC3,current,-0.2,-7.703786915364412,0.0009130837780243588,0,0,50.0
PC3,current,-0.15000000000000002,-7.4908476795993,0.0009025294411413194,0,0,50.0
PC3,current,-0.1,-7.330169814718305,0.0008925180793039133,0,0,50.0
PC3,current,-0.05,-7.2438285152427255,0.0005934325689043768,0,0,15.0
PC3,current,0.0,-7.185975143950628,9.999999859862579e-05,0,1,15.0
PC3,current,0.05,-7.359402051870111,0.0,1,1,15.0
PC3,current,0.1,-7.527249051689433,0.0,1,1,15.0
PC3,current,0.15000000000000002,-7.75070405733269,0.0,1,1,15.0
PC3,current,0.2,-8.031964172588891,0.0,1,1,15.0
PC3,current,0.25,-8.404344455198066,0.0,1,1,15.0
PC3,current,0.30000000000000004,-8.827100302497334,0.0,1,1,15.0
PC3,current,0.35000000000000003,-9.28249820099358,0.0,1,1,15.0
PC3,current,0.4,-9.780859191880857,0.0,1,1,15.0
PC3,current,0.45,-10.3337857098282,0.0,1,1,15.0
PC3,current,0.5,-10.923230613170393,0.0,1,1,15.0
PC3,current,0.55,-11.569145576062242,0.0,1,1,15.0
PC3,current,0.6000000000000001,-12.225617103542486,0.0,1,1,15.0
PC3,current,0.65,-12.905642527709675,0.0,1,1,15.0
PC3,current,0.7000000000000001,-13.60037517278638,0.0,1,1,15.0
PC3,current,0.75,-14.315091020738675,0.0,1,1,15.0
PC3,current,0.8,-15.046547840048923,0.0,1,1,15.0
PC3,current,0.8500000000000001,-15.793799946002474,0.0,1,1,15.0
PC3,current,0.9,-16.552309160563794,0.0,1,1,15.0
PC3,current,0.9500000000000001,-17.321031658177027,0.0,1,1,15.0
PC3,current,1.0,-18.10966179630741,0.0,1,1,15.0
random2,current,-1.0,-18.452189548149764,0.0010738616981116876,0,0,50.0
random2,current,-0.9500000000000001,-17.51819324723784,0.001063216955142876,0,0,50.0
random2,current,-0.9,-16.616239152916208,0.0010525825469719205,0,0,50.0
random2,current,-0.8500000000000001,-15.752875741420594,0.0010419654468816445,0,0,50.0
random2,current,-0.8,-14.865338930589006,0.0010313721154122763,0,0,50.0
random2,current,-0.75,-14.00899527128766,0.0010208085298780052,0,0,50.0
random2,current,-0.7000000000000001,-13.172986089585713,0.0010102802127001647,0,0,50.0
random2,current,-0.65,-12.375733145829717,0.000999792258528234,0,0,50.0
random2,current,-0.6000000000000001,-11.62146697658963,0.0009893493599364225,0,0,50.0
random2,current,-0.55,-10.93198583016655,0.0009789558322182781,0,0,50.0
random2,current,-0.5,-10.28551576789362,0.0009686156364449147,0,0,50.0
random2,current,-0.45,-9.694245782488967,0.0009583324019743149,0,0,50.0
random2,current,-0.4,-9.167474499320182,0.0009481094471308894,0,0,50.0
random2,current,-0.35000000000000003,-8.697357183391933,0.0009379497992745659,0,0,50.0
random2,current,-0.30000000000000004,-8.300010896772974,0.0009278562136600348,0,0,50.0
random2,current,-0.25,-7.947884427307525,0.0009178311908330089,0,0,50.0
random2,current,-0.2,-7.659444998537298,0.0009078769937124953,0,0,50.0
random2,current,-0.15000000000000002,-7.444915173378051,0.0008987138995230925,0,0,50.0
random2,current,-0.1,-7.31195082615871,0.0008899903062519043,0,0,50.0
random2,current,-0.05,-7.218563584556641,0.0005832805676293241,0,0,15.0
random2,current,0.0,-7.185975143950628,9.999999859862579e-05,0,1,15.0
random2,current,0.05,-7.32641118249517,0.0,1,1,15.0
random2,current,0.1,-7.600194010639774,0.0,1,1,15.0
random2,current,0.15000000000000002,-7.877084840467543,0.0,1,1,15.0
random2,current,0.2,-8.227566851597667,0.0,1,1,15.0
random2,current,0.25,-8.64945485769819,0.0,1,1,15.0
random2,current,0.30000000000000004,-9.118917060185453,0.0,1,1,15.0
random2,current,0.35000000000000003,-9.654908660711257,0.0,1,1,15.0
random2,current,0.4,-10.257990122114371,0.0,1,1,15.0
random2,current,0.45,-10.931835861109686,0.0,1,1,15.0
random2,current,0.5,-11.650292707350554,0.0,1,1,15.0
random2,current,0.55,-12.435105342241197,0.0,1,1,15.0
random2,current,0.6000000000000001,-13.277897151861552,0.0,1,1,15.0
random2,current,0.65,-14.141468180341368,0.0,1,1,15.0
random2,current,0.7000000000000001,-15.067686691024184,0.0,1,1,15.0
random2,current,0.75,-16.04015588413387,0.0,1,1,15.0
random2,current,0.8,-17.054314686690738,0.0,1,1,15.0
random2,current,0.8500000000000001,-18.12450041415437,0.0,1,1,15.0
random2,current,0.9,-19.246825402975603,0.0,1,1,15.0
random2,current,0.9500000000000001,-20.40806192714284,0.0,1,1,15.0
random2,current,1.0,-21.606741137467743,0.0,1,1,15.0
random3,current,-1.0,-12.772336981120393,0.000757625088147017,0,0,50.0
random3,current,-0.9500000000000001,-12.40522826128216,0.0007634908679716633,0,0,50.0
random3,current,-0.9,-12.057913212353819,0.0007693588958456348,0,0,50.0
random3,current,-0.8500000000000001,-11.725142898737703,0.000775226808103516,0,0,50.0
random3,current,-0.8,-11.349285780234435,0.00078109211619554,0,0,50.0
random3,current,-0.75,-10.970038427228527,0.0007869522018513487,0,0,50.0
random3,current,-0.7000000000000001,-10.604002538118598,0.0007928043121540698,0,0,50.0
random3,current,-0.65,-10.255338112854304,0.0007986455545337588,0,0,50.0
random3,current,-0.6000000000000001,-9.923746216188597,0.0008044728916550756,0,0,50.0
random3,current,-0.55,-9.593544101593512,0.000810283136368964,0,0,50.0
random3,current,-0.5,-9.291742451177495,0.0008160729464100285,0,0,50.0
random3,current,-0.45,-9.006859775036162,0.0008218388192644964,0,0,50.0
random3,current,-0.4,-8.739038072943263,0.0008275770869187773,0,0,50.0
random3,current,-0.35000000000000003,-8.485068740239626,0.0008332839106843401,0,0,50.0
random3,current,-0.30000000000000004,-8.24576022004587,0.0008389552759345421,0,0,50.0
random3,current,-0.25,-8.018691805120902,0.0008445869870715708,0,0,50.0
random3,current,-0.2,-7.836288608514028,0.0008501746624440721,0,0,50.0
random3,current,-0.15000000000000002,-7.673178189994519,0.0008557137294439123,0,0,50.0
random3,current,-0.1,-7.521819553436178,0.0008611994197406632,0,0,50.0
random3,current,-0.05,-7.319096020056123,0.0008014544223511751,0,0,15.0
random3,current,0.0,-7.185975143950628,9.999999859862579e-05,0,1,15.0
random3,current,0.05,-7.20692316143792,0.0,1,1,15.0
random3,current,0.1,-7.241827233273423,0.0,1,1,15.0
random3,current,0.15000000000000002,-7.28990135492557,0.0,1,1,15.0
random3,current,0.2,-7.348893646419564,0.0,1,1,15.0
random3,current,0.25,-7.426666136508654,0.0,1,1,15.0
random3,current,0.30000000000000004,-7.51263363921732,0.0,1,1,15.0
random3,current,0.35000000000000003,-7.605252975797562,0.0,1,1,15.0
random3,current,0.4,-7.70374544521585,0.0,1,1,15.0
random3,current,0.45,-7.80689141261821,0.0,1,1,15.0
random3,current,0.5,-7.920532642696535,0.0,1,1,15.0
random3,current,0.55,-8.039273784639175,0.0,1,1,15.0
random3,current,0.6000000000000001,-8.152327865950655,0.0,1,1,15.0
random3,current,0.65,-8.282023535667857,0.0,1,1,15.0
random3,current,0.7000000000000001,-8.41936486747943,0.0,1,1,15.0
random3,current,0.75,-8.569077555906958,0.0,1,1,15.0
random3,current,0.8,-8.728004123328265,0.0,1,1,15.0
random3,current,0.8500000000000001,-8.893549258866525,0.0,1,1,15.0
random3,current,0.9,-9.065594371126316,0.0,1,1,15.0
random3,current,0.9500000000000001,-9.238037497565852,0.0,1,1,15.0
random3,current,1.0,-9.413580709124062,0.0,1,1,15.0
random1,current,-1.0,-26.731289023322336,0.0009797124260372365,0,0,50.0
random1,current,-0.9500000000000001,-24.70868082537787,0.0009742095114221216,0,0,50.0
random1,current,-0.9,-22.82686228839137,0.0009687195705431423,0,0,50.0
random1,current,-0.8500000000000001,-21.04904521321115,0.0009632424816280083,0,0,50.0
random1,current,-0.8,-19.422486021393883,0.0009577781248281086,0,0,50.0
random1,current,-0.75,-17.940712740714027,0.0009523263823014378,0,0,50.0
random1,current,-0.7000000000000001,-16.563143395804058,0.0009468871382129782,0,0,50.0
random1,current,-0.65,-15.311728845274299,0.0009414602788768661,0,0,50.0
random1,current,-0.6000000000000001,-14.161029215453267,0.0009360456927289309,0,0,50.0
random1,current,-0.55,-13.139759289062379,0.0009306432704488825,0,0,50.0
random1,current,-0.5,-12.19934173268177,0.0009252529050134288,0,0,50.0
random1,current,-0.45,-11.369452754974187,0.0009198744917043505,0,0,50.0
random1,current,-0.4,-10.652218233900163,0.0009145079282783499,0,0,50.0
random1,current,-0.35000000000000003,-10.167635316680594,0.0009091531149146946,0,0,50.0
random1,current,-0.30000000000000004,-9.68280594577198,0.0009038099543676486,0,0,50.0
random1,current,-0.25,-9.301730046829526,0.0008984783519840248,0,0,50.0
random1,current,-0.2,-9.025200503376423,0.0008931582157920556,0,0,50.0
random1,current,-0.15000000000000002,-8.407888660988835,0.0008878494565655582,0,0,50.0
random1,current,-0.1,-7.892125961046852,0.0008825519878941515,0,0,50.0
random1,current,-0.05,-7.489722880184308,0.0008772657262545077,0,0,50.0
random1,current,0.0,-7.185975143950628,9.999999859862579e-05,0,1,15.0
random1,current,0.05,-7.375299261094858,0.0,1,1,15.0
random1,current,0.1,-7.659307626802832,0.0,1,1,15.0
random1,current,0.15000000000000002,-8.040614807819443,0.0,1,1,15.0
random1,current,0.2,-8.509092971138951,0.0,1,1,15.0
random1,current,0.25,-9.076728520483165,0.0,1,1,15.0
random1,current,0.30000000000000004,-9.726241338127192,0.0,1,1,15.0
random1,current,0.35000000000000003,-10.448916033589267,0.0,1,1,15.0
random1,current,0.4,-11.262167110839567,0.0,1,1,15.0
random1,current,0.45,-12.310523753905503,0.0,1,1,15.0
random1,current,0.5,-13.303716184483417,0.0,1,1,15.0
random1,current,0.55,-14.36722233034455,0.0,1,1,15.0
random1,current,0.6000000000000001,-15.494687110141397,0.0,1,1,15.0
random1,current,0.65,-16.669173275126855,0.0,1,1,15.0
random1,current,0.7000000000000001,-17.902515935157016,0.0,1,1,15.0
random1,current,0.75,-19.19600913445804,0.0,1,1,15.0
random1,current,0.8,-20.535214772147768,0.0,1,1,15.0
random1,current,0.8500000000000001,-23.034457140188074,0.0,1,1,15.0
random1,current,0.9,-24.48989514185018,0.0,1,1,15.0
random1,current,0.9500000000000001,-25.803554135884966,0.0,1,1,15.0
random1,current,1.0,-27.259555367614,0.0,1,1,15.0
axis:topt_scale,clamp,-1.0,-17.757649449931048,0.0008658723459902955,0,0,50.0
axis:topt_scale,clamp,-0.9500000000000001,-17.029953507019293,0.0008662346560997227,0,0,50.0
axis:topt_scale,clamp,-0.9,-16.334285377779967,0.0008665942271761392,0,0,50.0
axis:topt_scale,clamp,-0.8500000000000001,-15.667719068639242,0.0008669509907111347,0,0,50.0
axis:topt_scale,clamp,-0.8,-15.052250702601652,0.0008673048786661554,0,0,50.0
axis:topt_scale,clamp,-0.75,-14.393344900021166,0.0008676558238263323,0,0,50.0
axis:topt_scale,clamp,-0.7000000000000001,-13.794065304652094,0.0008680037600688963,0,0,50.0
axis:topt_scale,clamp,-0.65,-13.229787296343414,0.0008683486228552004,0,0,50.0
axis:topt_scale,clamp,-0.6000000000000001,-12.708270178970778,0.0008686903493610812,0,0,50.0
axis:topt_scale,clamp,-0.55,-12.228671674176175,0.0008690288790649391,0,0,50.0
axis:topt_scale,clamp,-0.5,-11.786897471092148,0.0008693641582636348,0,0,50.0
axis:topt_scale,clamp,-0.45,-11.386468880704644,0.0008696961269647398,0,0,50.0
axis:topt_scale,clamp,-0.4,-11.155260391730312,0.0008700247324651451,0,0,50.0
axis:topt_scale,clamp,-0.35000000000000003,-10.831000082642817,0.0008703499250906141,0,0,50.0
axis:topt_scale,clamp,-0.30000000000000004,-10.54721481632302,0.0008706716581957602,0,0,50.0
axis:topt_scale,clamp,-0.25,-10.315014461129369,0.0008709898882621548,0,0,50.0
axis:topt_scale,clamp,-0.2,-10.138448960773506,0.0008713045748965292,0,0,50.0
axis:topt_scale,clamp,-0.15000000000000002,-10.01020433448511,0.0008716156807236406,0,0,50.0
axis:topt_scale,clamp,-0.1,-9.9478388143301,0.0008719231712999515,0,0,50.0
axis:topt_scale,clamp,-0.05,-9.935912506531803,0.0008722270149925937,0,0,50.0
axis:topt_scale,clamp,0.0,-9.989389795401891,9.999999859862579e-05,0,1,15.0
axis:topt_scale,clamp,0.05,-8.548701532119278,0.0,1,1,15.0
axis:topt_scale,clamp,0.1,-8.746270043991686,0.0,1,1,15.0
axis:topt_scale,clamp,0.15000000000000002,-9.016865693547233,0.0,1,1,15.0
axis:topt_scale,clamp,0.2,-9.364869576982748,0.0,1,1,15.0
axis:topt_scale,clamp,0.25,-9.794143395576164,0.0,1,1,15.0
axis:topt_scale,clamp,0.30000000000000004,-10.320008772552132,0.0,1,1,15.0
axis:topt_scale,clamp,0.35000000000000003,-10.934825769330285,0.0,1,1,15.0
axis:topt_scale,clamp,0.4,-11.645090850264774,0.0,1,1,15.0
axis:topt_scale,clamp,0.45,-12.478320603810024,0.0,1,1,15.0
axis:topt_scale,clamp,0.5,-13.58860840755372,0.0,1,1,15.0
axis:topt_scale,clamp,0.55,-14.764626320601602,0.0,1,1,15.0
axis:topt_scale,clamp,0.6000000000000001,-16.206843593907443,0.0,1,1,15.0
axis:topt_scale,clamp,0.65,-18.032544078416848,0.0,1,1,15.0
axis:topt_scale,clamp,0.7000000000000001,-20.425393870762463,0.0,1,1,15.0
axis:topt_scale,clamp,0.75,-23.47059911409108,0.0,1,1,15.0
axis:topt_scale,clamp,0.8,-27.625378167208368,0.0,1,1,15.0
axis:topt_scale,clamp,0.8500000000000001,-33.258610300641564,0.0,1,1,15.0
axis:topt_scale,clamp,0.9,-40.50966010176835,0.0,1,1,15.0
axis:topt_scale,clamp,0.9500000000000001,-49.061404674291,0.0,1,1,15.0
axis:topt_scale,clamp,1.0,-57.51924909546827,0.0,1,1,15.0
axis:dCp_scale,clamp,-1.0,-36.77824026963769,0.000885752097467714,0,0,50.0
axis:dCp_scale,clamp,-0.9500000000000001,-34.14572333055314,0.0008852589888661699,0,0,50.0
axis:dCp_scale,clamp,-0.9,-31.575997553886943,0.0008847498297359604,0,0,50.0
axis:dCp_scale,clamp,-0.8500000000000001,-29.038389620336005,0.0008842240136758728,0,0,50.0
axis:dCp_scale,clamp,-0.8,-26.604783551360327,0.000883680907066161,0,0,50.0
axis:dCp_scale,clamp,-0.75,-24.328306269631792,0.0008831198474779729,0,0,50.0
axis:dCp_scale,clamp,-0.7000000000000001,-22.23274344121389,0.0008825401422678886,0,0,50.0
axis:dCp_scale,clamp,-0.65,-20.299983675042633,0.0008819410669068974,0,0,50.0
axis:dCp_scale,clamp,-0.6000000000000001,-18.527887877936205,0.0008813218632510105,0,0,50.0
axis:dCp_scale,clamp,-0.55,-16.93394536251364,0.0008806817377190603,0,0,50.0
axis:dCp_scale,clamp,-0.5,-15.497921371691545,0.0008800198593490521,0,0,50.0
axis:dCp_scale,clamp,-0.45,-14.212544869140451,0.0008793353577533815,0,0,50.0
axis:dCp_scale,clamp,-0.4,-13.075705298048891,0.0008786273208716132,0,0,50.0
axis:dCp_scale,clamp,-0.35000000000000003,-12.107995783088,0.0008778947927488082,0,0,50.0
axis:dCp_scale,clamp,-0.30000000000000004,-11.30615000077131,0.0008771367709730929,0,0,50.0
axis:dCp_scale,clamp,-0.25,-10.670464643899049,0.0008763522040772816,0,0,50.0
axis:dCp_scale,clamp,-0.2,-10.322516598279467,0.0008755399887602917,0,0,50.0
axis:dCp_scale,clamp,-0.15000000000000002,-10.035380220252996,0.0008746989668837889,0,0,50.0
axis:dCp_scale,clamp,-0.1,-9.86303687433137,0.0008738279224364188,0,0,50.0
axis:dCp_scale,clamp,-0.05,-9.844852583660792,0.0008729255779343033,0,0,50.0
axis:dCp_scale,clamp,0.0,-9.989389795401891,9.999999859862579e-05,0,1,15.0
axis:dCp_scale,clamp,0.05,-8.706452468127708,0.0,1,1,15.0
axis:dCp_scale,clamp,0.1,-9.169051111392605,0.0,1,1,15.0
axis:dCp_scale,clamp,0.15000000000000002,-9.81247740969145,0.0,1,1,15.0
axis:dCp_scale,clamp,0.2,-10.631950154513502,0.0,1,1,15.0
axis:dCp_scale,clamp,0.25,-11.743850126823958,0.0,1,1,15.0
axis:dCp_scale,clamp,0.30000000000000004,-12.89096907623064,0.0,1,1,15.0
axis:dCp_scale,clamp,0.35000000000000003,-14.196424140384007,0.0,1,1,15.0
axis:dCp_scale,clamp,0.4,-15.653570159036276,0.0,1,1,15.0
axis:dCp_scale,clamp,0.45,-17.249264159341628,0.0,1,1,15.0
axis:dCp_scale,clamp,0.5,-20.42604659786928,0.0,1,1,15.0
axis:dCp_scale,clamp,0.55,-21.871114554548697,0.0,1,1,15.0
axis:dCp_scale,clamp,0.6000000000000001,-23.74382793661517,0.0,1,1,15.0
axis:dCp_scale,clamp,0.65,-24.605238727852132,0.0,1,1,15.0
axis:dCp_scale,clamp,0.7000000000000001,-26.705553464272604,0.0,1,1,15.0
axis:dCp_scale,clamp,0.75,-28.874956695527743,0.0,1,1,15.0
axis:dCp_scale,clamp,0.8,-29.278373265798326,0.0,2,2,15.0
axis:dCp_scale,clamp,0.8500000000000001,-31.507017396741052,0.0,2,2,15.0
axis:dCp_scale,clamp,0.9,-33.83089174580077,0.0,2,2,15.0
axis:dCp_scale,clamp,0.9500000000000001,-37.59119728554825,0.0,2,2,15.0
axis:dCp_scale,clamp,1.0,-42.406767543752316,0.0,2,2,15.0
axis:f_maint,clamp,-1.0,-9.690280787091156,0.000874190860286754,0,0,50.0
axis:f_maint,clamp,-0.9500000000000001,-9.69670136897021,0.0008741076764307394,0,0,50.0
axis:f_maint,clamp,-0.9,-9.703156484980417,0.0008740244925554959,0,0,50.0
axis:f_maint,clamp,-0.8500000000000001,-9.709645994791249,0.0008739413086677211,0,0,50.0
axis:f_maint,clamp,-0.8,-9.716169764158174,0.0008738581248133335,0,0,50.0
axis:f_maint,clamp,-0.75,-9.722727667307133,0.0008737749409408622,0,0,50.0
axis:f_maint,clamp,-0.7000000000000001,-9.729319573297559,0.0008736917570683945,0,0,50.0
axis:f_maint,clamp,-0.65,-9.73594536103222,0.0008736085731769583,0,0,50.0
axis:f_maint,clamp,-0.6000000000000001,-9.7426048944976,0.0008735253893234557,0,0,50.0
axis:f_maint,clamp,-0.55,-9.74929806126039,0.0008734422054544613,0,0,50.0
axis:f_maint,clamp,-0.5,-9.75602474387664,0.0008733590215739224,0,0,50.0
axis:f_maint,clamp,-0.45,-9.762784819709749,0.0008732758376927802,0,0,50.0
axis:f_maint,clamp,-0.4,-9.76957817326096,0.0008731926538238812,0,0,50.0
axis:f_maint,clamp,-0.35000000000000003,-9.784841556210493,0.000873109469947107,0,0,50.0
axis:f_maint,clamp,-0.30000000000000004,-9.812975192401407,0.0008730262860886669,0,0,50.0
axis:f_maint,clamp,-0.25,-9.841781252293503,0.0008729431022161719,0,0,50.0
axis:f_maint,clamp,-0.2,-9.871105632781902,0.0008728599183437024,0,0,50.0
axis:f_maint,clamp,-0.15000000000000002,-9.900630690357982,0.000688426782149226,0,0,15.0
axis:f_maint,clamp,-0.1,-9.930404620552375,0.0004922845209657894,0,0,15.0
axis:f_maint,clamp,-0.05,-9.960426800361358,0.00029614225978223706,0,0,15.0
axis:f_maint,clamp,0.0,-9.989389795401891,9.999999859862579e-05,0,1,15.0
axis:f_maint,clamp,0.05,-8.459167120709651,0.0,1,1,15.0
axis:f_maint,clamp,0.1,-8.499476872811545,0.0,1,1,15.0
axis:f_maint,clamp,0.15000000000000002,-8.540430114813876,0.0,1,1,15.0
axis:f_maint,clamp,0.2,-8.58234039656729,0.0,1,1,15.0
axis:f_maint,clamp,0.25,-8.625055670601615,0.0,1,1,15.0
axis:f_maint,clamp,0.30000000000000004,-8.66842518035978,0.0,1,1,15.0
axis:f_maint,clamp,0.35000000000000003,-8.71244890609877,0.0,1,1,15.0
axis:f_maint,clamp,0.4,-8.757148857760235,0.0,1,1,15.0
axis:f_maint,clamp,0.45,-8.802837191621895,0.0,1,1,15.0
axis:f_maint,clamp,0.5,-8.849828533832893,0.0,1,1,15.0
axis:f_maint,clamp,0.55,-8.897567691299425,0.0,1,1,15.0
axis:f_maint,clamp,0.6000000000000001,-8.946378600048007,0.0,1,1,15.0
axis:f_maint,clamp,0.65,-8.996133192294959,0.0,1,1,15.0
axis:f_maint,clamp,0.7000000000000001,-9.046815106518581,0.0,1,1,15.0
axis:f_maint,clamp,0.75,-9.098424438798634,0.0,1,1,15.0
axis:f_maint,clamp,0.8,-9.150961288312704,0.0,1,1,15.0
axis:f_maint,clamp,0.8500000000000001,-9.204395492441025,0.0,1,1,15.0
axis:f_maint,clamp,0.9,-9.258872160477273,0.0,1,1,15.0
axis:f_maint,clamp,0.9500000000000001,-9.314560464092999,0.0,1,1,15.0
axis:f_maint,clamp,1.0,-9.37119715412992,0.0,1,1,15.0
axis:kcat_scale,clamp,-1.0,-38.1714918316316,0.0,1,1,15.0
axis:kcat_scale,clamp,-0.9500000000000001,-35.65410892890685,0.0,1,1,15.0
axis:kcat_scale,clamp,-0.9,-33.243181562422606,0.0,1,1,15.0
axis:kcat_scale,clamp,-0.8500000000000001,-31.004189128929838,0.0,1,1,15.0
axis:kcat_scale,clamp,-0.8,-28.85808045555867,0.0,1,1,15.0
axis:kcat_scale,clamp,-0.75,-26.78184551269209,0.0,1,1,15.0
axis:kcat_scale,clamp,-0.7000000000000001,-24.80418806051521,0.0,1,1,15.0
axis:kcat_scale,clamp,-0.65,-22.963529747481125,0.0,1,1,15.0
axis:kcat_scale,clamp,-0.6000000000000001,-21.191433734553634,0.0,1,1,15.0
axis:kcat_scale,clamp,-0.55,-19.501007847796807,0.0,1,1,15.0
axis:kcat_scale,clamp,-0.5,-17.887754588020197,0.0,1,1,15.0
axis:kcat_scale,clamp,-0.45,-16.36202480582145,0.0,1,1,15.0
axis:kcat_scale,clamp,-0.4,-14.955792660623768,0.0,1,1,15.0
axis:kcat_scale,clamp,-0.35000000000000003,-13.647830956329534,0.0,1,1,15.0
axis:kcat_scale,clamp,-0.30000000000000004,-12.444020764869219,0.0,1,1,15.0
axis:kcat_scale,clamp,-0.25,-11.355638821368537,0.0,1,1,15.0
axis:kcat_scale,clamp,-0.2,-10.40993422634535,0.0,1,1,15.0
axis:kcat_scale,clamp,-0.15000000000000002,-9.670632699633845,0.0,1,1,15.0
axis:kcat_scale,clamp,-0.1,-9.101689928735555,0.0,1,1,15.0
axis:kcat_scale,clamp,-0.05,-8.678574610811205,0.0,1,1,15.0
axis:kcat_scale,clamp,0.0,-9.989389795401891,9.999999859862579e-05,0,1,15.0
axis:kcat_scale,clamp,0.05,-9.886667496095868,0.0008983601097105169,0,0,50.0
axis:kcat_scale,clamp,0.1,-9.935828288846787,0.0009249408505204845,0,0,50.0
axis:kcat_scale,clamp,0.15000000000000002,-10.135768137547888,0.0009522910531487033,0,0,50.0
axis:kcat_scale,clamp,0.2,-10.47347587718789,0.000980432991970189,0,0,50.0
axis:kcat_scale,clamp,0.25,-10.959311225388563,0.001009389586264198,0,0,50.0
axis:kcat_scale,clamp,0.30000000000000004,-11.570598727721407,0.0010391844187535113,0,0,50.0
axis:kcat_scale,clamp,0.35000000000000003,-12.316973348573903,0.0010698417548288199,0,0,50.0
axis:kcat_scale,clamp,0.4,-13.225163642720474,0.0011013865623451067,0,0,50.0
axis:kcat_scale,clamp,0.45,-14.256637627695156,0.0011338445318876671,0,0,50.0
axis:kcat_scale,clamp,0.5,-15.421303328235783,0.001167242097763112,0,0,50.0
axis:kcat_scale,clamp,0.55,-16.745174296151827,0.0012016064594938124,0,0,50.0
axis:kcat_scale,clamp,0.6000000000000001,-18.17099299059423,0.0012369656039764576,0,0,50.0
axis:kcat_scale,clamp,0.65,-19.66594963250663,0.001273348328275077,0,0,50.0
axis:kcat_scale,clamp,0.7000000000000001,-21.319286035621623,0.0013107842630523479,0,0,50.0
axis:kcat_scale,clamp,0.75,-23.120575275375117,0.0013493038968081042,0,0,50.0
axis:kcat_scale,clamp,0.8,-25.07049538260639,0.0013889386004964795,0,0,50.0
axis:kcat_scale,clamp,0.8500000000000001,-27.198706672615394,0.001429720653287859,0,0,50.0
axis:kcat_scale,clamp,0.9,-29.5398851346461,0.0014716832687512406,0,0,50.0
axis:kcat_scale,clamp,0.9500000000000001,-32.111558281608076,0.0015148606219250454,0,0,50.0
axis:kcat_scale,clamp,1.0,-34.83758449562414,0.0015592878771465305,0,0,50.0
axis:ngam_scale,clamp,-1.0,-9.67002300054462,0.0008793900379717772,0,0,50.0
axis:ngam_scale,clamp,-0.9500000000000001,-9.678889398171915,0.0008791075901336229,0,0,50.0
axis:ngam_scale,clamp,-0.9,-9.684009449924098,0.0008788194928521503,0,0,50.0
axis:ngam_scale,clamp,-0.8500000000000001,-9.690029012877348,0.0008785256332021404,0,0,50.0
axis:ngam_scale,clamp,-0.8,-9.69761345449,0.0008782258957346193,0,0,50.0
axis:ngam_scale,clamp,-0.75,-9.706429887793366,0.000877920163090788,0,0,50.0
axis:ngam_scale,clamp,-0.7000000000000001,-9.716239185414722,0.0008776083152677245,0,0,50.0
axis:ngam_scale,clamp,-0.65,-9.727053617655166,0.0008772902299579259,0,0,50.0
axis:ngam_scale,clamp,-0.6000000000000001,-9.738894253563362,0.0008769657824022852,0,0,50.0
axis:ngam_scale,clamp,-0.55,-9.751793241009391,0.0008766348453548917,0,0,50.0
axis:ngam_scale,clamp,-0.5,-9.765779088826953,0.0008762972890079469,0,0,50.0
axis:ngam_scale,clamp,-0.45,-9.780881190418999,0.0008759529809453657,0,0,50.0
axis:ngam_scale,clamp,-0.4,-9.797130167966214,0.0008756017861599091,0,0,50.0
axis:ngam_scale,clamp,-0.35000000000000003,-9.816754916393194,0.0008752435668968855,0,0,50.0
axis:ngam_scale,clamp,-0.30000000000000004,-9.840148620417825,0.0008748781826285758,0,0,50.0
axis:ngam_scale,clamp,-0.25,-9.864672499023483,0.0008745054900578119,0,0,50.0
axis:ngam_scale,clamp,-0.2,-9.89036158983684,0.0008741253429858279,0,0,50.0
axis:ngam_scale,clamp,-0.15000000000000002,-9.917252434000645,0.0008737375923715844,0,0,50.0
axis:ngam_scale,clamp,-0.1,-9.945383164162438,0.0008733420860515301,0,0,50.0
axis:ngam_scale,clamp,-0.05,-9.969595298408658,0.0008729386689732328,0,0,50.0
axis:ngam_scale,clamp,0.0,-9.989389795401891,9.999999859862579e-05,0,1,15.0
axis:ngam_scale,clamp,0.05,-8.44937649788164,0.0,1,1,15.0
axis:ngam_scale,clamp,0.1,-8.479956745509138,0.0,1,1,15.0
axis:ngam_scale,clamp,0.15000000000000002,-8.511290091067545,0.0,1,1,15.0
axis:ngam_scale,clamp,0.2,-8.54394831679856,0.0,1,1,15.0
axis:ngam_scale,clamp,0.25,-8.57796078125181,0.0,1,1,15.0
axis:ngam_scale,clamp,0.30000000000000004,-8.61331474853444,0.0,1,1,15.0
axis:ngam_scale,clamp,0.35000000000000003,-8.650132919175604,0.0,1,1,15.0
axis:ngam_scale,clamp,0.4,-8.68833543695502,0.0,1,1,15.0
axis:ngam_scale,clamp,0.45,-8.728129892379805,0.0,1,1,15.0
axis:ngam_scale,clamp,0.5,-8.768374403922888,0.0,1,1,15.0
axis:ngam_scale,clamp,0.55,-8.810059465487818,0.0,1,1,15.0
axis:ngam_scale,clamp,0.6000000000000001,-8.853375656396251,0.0,1,1,15.0
axis:ngam_scale,clamp,0.65,-8.898108389491053,0.0,1,1,15.0
axis:ngam_scale,clamp,0.7000000000000001,-8.944704783973052,0.0,1,1,15.0
axis:ngam_scale,clamp,0.75,-8.99324530731308,0.0,1,1,15.0
axis:ngam_scale,clamp,0.8,-9.043729332899431,0.0,1,1,15.0
axis:ngam_scale,clamp,0.8500000000000001,-9.096244444246961,0.0,1,1,15.0
axis:ngam_scale,clamp,0.9,-9.150878404593712,0.0,1,1,15.0
axis:ngam_scale,clamp,0.9500000000000001,-9.208551596107952,0.0,1,1,15.0
axis:ngam_scale,clamp,1.0,-9.272464216380978,0.0,1,1,15.0
PC1,clamp,-1.0,-17.07453936924357,0.0008279894110415904,0,0,50.0
PC1,clamp,-0.9500000000000001,-16.54713015221401,0.0008307487089583076,0,0,50.0
PC1,clamp,-0.9,-16.038225876919174,0.0008334690261991408,0,0,50.0
PC1,clamp,-0.8500000000000001,-15.543217517266001,0.0008361476668448374,0,0,50.0
PC1,clamp,-0.8,-14.832116177120508,0.0008387818096891818,0,0,50.0
PC1,clamp,-0.75,-14.383148323713066,0.0008413685022736618,0,0,50.0
PC1,clamp,-0.7000000000000001,-13.946840368672666,0.0008439046548641168,0,0,50.0
PC1,clamp,-0.65,-13.531283779885348,0.0008463870340942377,0,0,50.0
PC1,clamp,-0.6000000000000001,-13.134033512233556,0.0008488122566449145,0,0,50.0
PC1,clamp,-0.55,-12.75702814655397,0.0008511767825240194,0,0,50.0
PC1,clamp,-0.5,-12.39644708578258,0.0008534769083734592,0,0,50.0
PC1,clamp,-0.45,-12.05590070574746,0.000855708760574343,0,0,50.0
PC1,clamp,-0.4,-11.72581613122598,0.0008578682882500736,0,0,50.0
PC1,clamp,-0.35000000000000003,-11.416693675586512,0.0008599512561935558,0,0,50.0
PC1,clamp,-0.30000000000000004,-11.14262886897704,0.0008619532377029643,0,0,50.0
PC1,clamp,-0.25,-10.89883017356889,0.0008638696074335029,0,0,50.0
PC1,clamp,-0.2,-10.679260948257717,0.0008656955342096714,0,0,50.0
PC1,clamp,-0.15000000000000002,-10.481868179844826,0.0008674259740017161,0,0,50.0
PC1,clamp,-0.1,-10.24101207712817,0.0007617422573145312,0,0,15.0
PC1,clamp,-0.05,-10.09856730264131,0.00043622511356464547,0,0,15.0
PC1,clamp,0.0,-9.989389795401891,9.999999859862579e-05,0,1,15.0
PC1,clamp,0.05,-8.352712765192223,0.0,1,1,15.0
PC1,clamp,0.1,-8.311665939553754,0.0,1,1,15.0
PC1,clamp,0.15000000000000002,-8.303084810940238,0.0,1,1,15.0
PC1,clamp,0.2,-8.30827956315029,0.0,1,1,15.0
PC1,clamp,0.25,-8.332426900629919,0.0,1,1,15.0
PC1,clamp,0.30000000000000004,-8.410108175597141,0.0,1,1,15.0
PC1,clamp,0.35000000000000003,-8.54302732737203,0.0,1,1,15.0
PC1,clamp,0.4,-8.704178904830107,0.0,1,1,15.0
PC1,clamp,0.45,-8.889837026079961,0.0,1,1,15.0
PC1,clamp,0.5,-9.104704186124746,0.0,1,1,15.0
PC1,clamp,0.55,-9.314390557719186,0.0,1,1,15.0
PC1,clamp,0.6000000000000001,-9.595176874191868,0.0,1,1,15.0
PC1,clamp,0.65,-9.888164847965438,0.0,1,1,15.0
PC1,clamp,0.7000000000000001,-10.222495849576376,0.0,1,1,15.0
PC1,clamp,0.75,-10.590207818646867,0.0,1,1,15.0
PC1,clamp,0.8,-10.992704713976599,0.0,1,1,15.0
PC1,clamp,0.8500000000000001,-11.425133188693884,0.0,1,1,15.0
PC1,clamp,0.9,-11.892179390064872,0.0,1,1,15.0
PC1,clamp,0.9500000000000001,-12.391905502814655,0.0,1,1,15.0
PC1,clamp,1.0,-12.926785597458553,0.0,1,1,15.0
axis:clearance_mult,clamp,-1.0,-10.212280692676103,0.0,1,1,15.0
axis:clearance_mult,clamp,-0.9500000000000001,-9.951722988070522,0.0,1,1,15.0
axis:clearance_mult,clamp,-0.9,-9.709261564507091,0.0,1,1,15.0
axis:clearance_mult,clamp,-0.8500000000000001,-9.48617260919591,0.0,1,1,15.0
axis:clearance_mult,clamp,-0.8,-9.28962247412171,0.0,1,1,15.0
axis:clearance_mult,clamp,-0.75,-9.121669764335595,0.0,1,1,15.0
axis:clearance_mult,clamp,-0.7000000000000001,-8.987071004428401,0.0,1,1,15.0
axis:clearance_mult,clamp,-0.65,-8.874585001590777,0.0,1,1,15.0
axis:clearance_mult,clamp,-0.6000000000000001,-8.78360064286874,0.0,1,1,15.0
axis:clearance_mult,clamp,-0.55,-8.706647632907872,0.0,1,1,15.0
axis:clearance_mult,clamp,-0.5,-8.639365254167112,0.0,1,1,15.0
axis:clearance_mult,clamp,-0.45,-8.589110244286411,0.0,1,1,15.0
axis:clearance_mult,clamp,-0.4,-8.545226619560388,0.0,1,1,15.0
axis:clearance_mult,clamp,-0.35000000000000003,-8.517600379036601,0.0,1,1,15.0
axis:clearance_mult,clamp,-0.30000000000000004,-8.495494616196336,0.0,1,1,15.0
axis:clearance_mult,clamp,-0.25,-8.472006533036241,0.0,1,1,15.0
axis:clearance_mult,clamp,-0.2,-8.45289358257217,0.0,1,1,15.0
axis:clearance_mult,clamp,-0.15000000000000002,-8.435163825503938,0.0,1,1,15.0
axis:clearance_mult,clamp,-0.1,-8.42054813517242,0.0,1,1,15.0
axis:clearance_mult,clamp,-0.05,-8.417726097287776,0.0,1,1,15.0
axis:clearance_mult,clamp,0.0,-9.989389795401891,9.999999859862579e-05,0,1,15.0
axis:clearance_mult,clamp,0.05,-10.013202667862418,0.00037025345936433923,0,0,15.0
axis:clearance_mult,clamp,0.1,-10.025086010235086,0.000612470994854971,0,0,15.0
axis:clearance_mult,clamp,0.15000000000000002,-10.040825240121128,0.0008581605960230283,0,0,15.0
axis:clearance_mult,clamp,0.2,-10.064544596837816,0.000872592993791498,0,0,50.0
axis:clearance_mult,clamp,0.25,-10.09071017700233,0.0008726100403252939,0,0,50.0
axis:clearance_mult,clamp,0.30000000000000004,-10.118031910538665,0.0008726273312140659,0,0,50.0
axis:clearance_mult,clamp,0.35000000000000003,-10.154868612000428,0.0008726448699571242,0,0,50.0
axis:clearance_mult,clamp,0.4,-10.196659771310236,0.0008726626601094823,0,0,50.0
axis:clearance_mult,clamp,0.45,-10.242635533559348,0.0008726807052762367,0,0,50.0
axis:clearance_mult,clamp,0.5,-10.293003224057582,0.000872699009110157,0,0,50.0
axis:clearance_mult,clamp,0.55,-10.353322382509356,0.0008727175753202659,0,0,50.0
axis:clearance_mult,clamp,0.6000000000000001,-10.405421314226235,0.0008727364076675933,0,0,50.0
axis:clearance_mult,clamp,0.65,-10.478661494314462,0.0008727555099671064,0,0,50.0
axis:clearance_mult,clamp,0.7000000000000001,-10.557214473052461,0.0008727748860883492,0,0,50.0
axis:clearance_mult,clamp,0.75,-10.644480984781378,0.000872794539956501,0,0,50.0
axis:clearance_mult,clamp,0.8,-10.736771935065121,0.000872814475550137,0,0,50.0
axis:clearance_mult,clamp,0.8500000000000001,-10.83277859043276,0.0008728346969158859,0,0,50.0
axis:clearance_mult,clamp,0.9,-10.930898667126238,0.000872855208141105,0,0,50.0
axis:clearance_mult,clamp,0.9500000000000001,-11.03108254692087,0.0008728760133861563,0,0,50.0
axis:clearance_mult,clamp,1.0,-11.14614529360937,0.0008728971168608702,0,0,50.0
PC2,clamp,-1.0,-12.900025426849925,0.0,1,1,15.0
PC2,clamp,-0.9500000000000001,-12.217924556635333,0.0,1,1,15.0
PC2,clamp,-0.9,-11.533989072678988,0.0,1,1,15.0
PC2,clamp,-0.8500000000000001,-11.216500412872708,0.0,1,1,15.0
PC2,clamp,-0.8,-10.979768557643418,0.0,1,1,15.0
PC2,clamp,-0.75,-10.758368170102234,0.0,1,1,15.0
PC2,clamp,-0.7000000000000001,-10.500039664197233,0.0,1,1,15.0
PC2,clamp,-0.65,-10.359408687288528,0.0,1,1,15.0
PC2,clamp,-0.6000000000000001,-10.149619934896496,0.0,1,1,15.0
PC2,clamp,-0.55,-9.95405641750045,0.0,1,1,15.0
PC2,clamp,-0.5,-9.68923041617952,0.0,1,1,15.0
PC2,clamp,-0.45,-9.513493958075955,0.0,1,1,15.0
PC2,clamp,-0.4,-9.361675703202074,0.0,1,1,15.0
PC2,clamp,-0.35000000000000003,-9.215610278147,0.0,1,1,15.0
PC2,clamp,-0.30000000000000004,-9.079290595565984,0.0,1,1,15.0
PC2,clamp,-0.25,-8.962122037978586,0.0,1,1,15.0
PC2,clamp,-0.2,-8.852576151706046,0.0,1,1,15.0
PC2,clamp,-0.15000000000000002,-8.7421188844218,0.0,1,1,15.0
PC2,clamp,-0.1,-8.643032171132921,0.0,1,1,15.0
PC2,clamp,-0.05,-8.491172691243811,0.0,1,1,15.0
PC2,clamp,0.0,-9.989389795401891,9.999999859862579e-05,0,1,15.0
PC2,clamp,0.05,-9.93805619648555,0.0008678367878189419,0,0,50.0
PC2,clamp,0.1,-9.900708222050874,0.0008631523249239915,0,0,50.0
PC2,clamp,0.15000000000000002,-9.878394996167357,0.000858473444681468,0,0,50.0
PC2,clamp,0.2,-9.867468232788315,0.0008537997926531646,0,0,50.0
PC2,clamp,0.25,-9.871862792678996,0.0008491310094803249,0,0,50.0
PC2,clamp,0.30000000000000004,-9.895259404296034,0.0008444667312142115,0,0,50.0
PC2,clamp,0.35000000000000003,-9.95707220092403,0.000839806589413601,0,0,50.0
PC2,clamp,0.4,-10.025514017112718,0.0008351502113990406,0,0,50.0
PC2,clamp,0.45,-10.036754098193159,0.0008307033625434011,0,0,50.0
PC2,clamp,0.5,-10.126964349578468,0.0008265336994422923,0,0,50.0
PC2,clamp,0.55,-10.232261581854711,0.0008223762196480969,0,0,50.0
PC2,clamp,0.6000000000000001,-10.356586038735074,0.0008182307513655136,0,0,50.0
PC2,clamp,0.65,-10.476301335031252,0.0008140971216832448,0,0,50.0
PC2,clamp,0.7000000000000001,-10.624216071081666,0.000809975156642859,0,0,50.0
PC2,clamp,0.75,-10.758965804428177,0.0008058646813859988,0,0,50.0
PC2,clamp,0.8,-10.924936161972145,0.0008017655203623423,0,0,50.0
PC2,clamp,0.8500000000000001,-11.095485344132584,0.0007976774974198214,0,0,50.0
PC2,clamp,0.9,-11.311707821622297,0.0007936004359030448,0,0,50.0
PC2,clamp,0.9500000000000001,-11.501347722776094,0.0007895341589216526,0,0,50.0
PC2,clamp,1.0,-11.70872643038033,0.0007854784895455717,0,0,50.0
random2,clamp,-1.0,-19.671769174466696,0.0010738616981116876,0,0,50.0
random2,clamp,-0.9500000000000001,-18.738450490924713,0.001063216955142876,0,0,50.0
random2,clamp,-0.9,-17.837179020981132,0.0010525825469719205,0,0,50.0
random2,clamp,-0.8500000000000001,-16.974502445111646,0.0010419654468816445,0,0,50.0
random2,clamp,-0.8,-16.16143079014406,0.0010313721154122763,0,0,50.0
random2,clamp,-0.75,-15.412547662017333,0.0010208085298780052,0,0,50.0
random2,clamp,-0.7000000000000001,-14.682003534884771,0.0010102802127001647,0,0,50.0
random2,clamp,-0.65,-13.988235285708836,0.000999792258528234,0,0,50.0
random2,clamp,-0.6000000000000001,-13.33548765621102,0.0009893493599364225,0,0,50.0
random2,clamp,-0.55,-12.745572179558195,0.0009789558322182781,0,0,50.0
random2,clamp,-0.5,-12.196727306409079,0.0009686156364449147,0,0,50.0
random2,clamp,-0.45,-11.701153498129415,0.0009583324019743149,0,0,50.0
random2,clamp,-0.4,-11.268159952111738,0.0009481094471308894,0,0,50.0
random2,clamp,-0.35000000000000003,-10.889911614317178,0.0009379497992745659,0,0,50.0
random2,clamp,-0.30000000000000004,-10.582534315307274,0.0009278562136600348,0,0,50.0
random2,clamp,-0.25,-10.31848475091872,0.0009178311908330089,0,0,50.0
random2,clamp,-0.2,-10.116237185150972,0.0009078769937124953,0,0,50.0
random2,clamp,-0.15000000000000002,-9.985923885658675,0.0008987138995230925,0,0,50.0
random2,clamp,-0.1,-9.935253649597446,0.0008899903062519043,0,0,50.0
random2,clamp,-0.05,-9.922302905396222,0.0005832805676293241,0,0,15.0
random2,clamp,0.0,-9.989389795401891,9.999999859862579e-05,0,1,15.0
random2,clamp,0.05,-8.55968392472884,0.0,1,1,15.0
random2,clamp,0.1,-8.833736610861592,0.0,1,1,15.0
random2,clamp,0.15000000000000002,-9.110927437298642,0.0,1,1,15.0
random2,clamp,0.2,-9.46173775356684,0.0,1,1,15.0
random2,clamp,0.25,-9.88398066079868,0.0,1,1,15.0
random2,clamp,0.30000000000000004,-10.353487872913686,0.0,1,1,15.0
random2,clamp,0.35000000000000003,-10.889881789529838,0.0,1,1,15.0
random2,clamp,0.4,-11.493387649903127,0.0,1,1,15.0
random2,clamp,0.45,-12.167678514017382,0.0,1,1,15.0
random2,clamp,0.5,-12.886599976413155,0.0,1,1,15.0
random2,clamp,0.55,-13.671895539878985,0.0,1,1,15.0
random2,clamp,0.6000000000000001,-14.515187502196442,0.0,1,1,15.0
random2,clamp,0.65,-15.379274898277275,0.0,1,1,15.0
random2,clamp,0.7000000000000001,-16.306025045340327,0.0,1,1,15.0
random2,clamp,0.75,-17.2790402930758,0.0,1,1,15.0
random2,clamp,0.8,-18.29375873860378,0.0,1,1,15.0
random2,clamp,0.8500000000000001,-19.364516980639905,0.0,1,1,15.0
random2,clamp,0.9,-20.487426660701963,0.0,1,1,15.0
random2,clamp,0.9500000000000001,-21.649259435906387,0.0,1,1,15.0
random2,clamp,1.0,-22.84854587739361,0.0,1,1,15.0
random1,clamp,-1.0,-27.934796883303264,0.0009797124260372365,0,0,50.0
random1,clamp,-0.9500000000000001,-25.91350523903635,0.0009742095114221216,0,0,50.0
random1,clamp,-0.9,-24.03302007124254,0.0009687195705431423,0,0,50.0
random1,clamp,-0.8500000000000001,-22.256553182415427,0.0009632424816280083,0,0,50.0
random1,clamp,-0.8,-20.63136100169836,0.0009577781248281086,0,0,50.0
random1,clamp,-0.75,-19.15097155928089,0.0009523263823014378,0,0,50.0
random1,clamp,-0.7000000000000001,-17.774802883428276,0.0009468871382129782,0,0,50.0
random1,clamp,-0.65,-16.524805825458444,0.0009414602788768661,0,0,50.0
random1,clamp,-0.6000000000000001,-15.375540526248594,0.0009360456927289309,0,0,50.0
random1,clamp,-0.55,-14.355721760239533,0.0009306432704488825,0,0,50.0
random1,clamp,-0.5,-13.416772188699188,0.0009252529050134288,0,0,50.0
random1,clamp,-0.45,-12.588368023763334,0.0009198744917043505,0,0,50.0
random1,clamp,-0.4,-11.872635138423394,0.0009145079282783499,0,0,50.0
random1,clamp,-0.35000000000000003,-11.389570675612147,0.0009091531149146946,0,0,50.0
random1,clamp,-0.30000000000000004,-10.906276574477607,0.0009038099543676486,0,0,50.0
random1,clamp,-0.25,-10.526752753988305,0.0008984783519840248,0,0,50.0
random1,clamp,-0.2,-10.251792087454982,0.0008931582157920556,0,0,50.0
random1,clamp,-0.15000000000000002,-9.992213998834062,0.0008878494565655582,0,0,50.0
random1,clamp,-0.1,-9.897440893507312,0.0008825519878941515,0,0,50.0
random1,clamp,-0.05,-9.894117669367322,0.0008772657262545077,0,0,50.0
random1,clamp,0.0,-9.989389795401891,9.999999859862579e-05,0,1,15.0
random1,clamp,0.05,-8.609816468967074,0.0,1,1,15.0
random1,clamp,0.1,-8.895395355971486,0.0,1,1,15.0
random1,clamp,0.15000000000000002,-9.278289324357512,0.0,1,1,15.0
random1,clamp,0.2,-9.748370538068265,0.0,1,1,15.0
random1,clamp,0.25,-10.31762538324829,0.0,1,1,15.0
random1,clamp,0.30000000000000004,-10.968453796744344,0.0,1,1,15.0
random1,clamp,0.35000000000000003,-11.692781793351877,0.0,1,1,15.0
random1,clamp,0.4,-12.507702439455791,0.0,1,1,15.0
random1,clamp,0.45,-13.557744894744097,0.0,1,1,15.0
random1,clamp,0.5,-14.552639375396012,0.0,1,1,15.0
random1,clamp,0.55,-15.617846185551851,0.0,1,1,15.0
random1,clamp,0.6000000000000001,-16.747026211277856,0.0,1,1,15.0
random1,clamp,0.65,-17.923240679760532,0.0,1,1,15.0
random1,clamp,0.7000000000000001,-19.158304658150836,0.0,1,1,15.0
random1,clamp,0.75,-20.453534929399233,0.0,1,1,15.0
random1,clamp,0.8,-21.794493361814226,0.0,1,1,15.0
random1,clamp,0.8500000000000001,-24.295504233760525,0.0,1,1,15.0
random1,clamp,0.9,-25.752726411439575,0.0,1,1,15.0
random1,clamp,0.9500000000000001,-27.068185232977626,0.0,1,1,15.0
random1,clamp,1.0,-28.526001912125302,0.0,1,1,15.0
PC3,clamp,-1.0,-17.970815863331783,0.0011026620635172506,0,0,50.0
PC3,clamp,-0.9500000000000001,-17.191396554502766,0.0010904909240744235,0,0,50.0
PC3,clamp,-0.9,-16.461894486952474,0.0010783241934787966,0,0,50.0
PC3,clamp,-0.8500000000000001,-15.779413184310672,0.0010661725887831147,0,0,50.0
PC3,clamp,-0.8,-15.093757672917434,0.0010540459349765783,0,0,50.0
PC3,clamp,-0.75,-14.457253306327576,0.0010419532250310378,0,0,50.0
PC3,clamp,-0.7000000000000001,-13.873948859255178,0.0010299030814951969,0,0,50.0
PC3,clamp,-0.65,-13.342961049069904,0.0010179039344426447,0,0,50.0
PC3,clamp,-0.6000000000000001,-12.82192129556009,0.001005961201952421,0,0,50.0
PC3,clamp,-0.55,-12.335184661661568,0.000994081090469185,0,0,50.0
PC3,clamp,-0.5,-11.892069464948182,0.0009822692286828606,0,0,50.0
PC3,clamp,-0.45,-11.479841776232604,0.0009705307096030237,0,0,50.0
PC3,clamp,-0.4,-11.114938282899121,0.0009588701302028817,0,0,50.0
PC3,clamp,-0.35000000000000003,-10.807188646846019,0.0009472916280018535,0,0,50.0
PC3,clamp,-0.30000000000000004,-10.550357403693273,0.0009357989157308159,0,0,50.0
PC3,clamp,-0.25,-10.340366370063881,0.000924395313377971,0,0,50.0
PC3,clamp,-0.2,-10.158065847964867,0.0009130837780243588,0,0,50.0
PC3,clamp,-0.15000000000000002,-10.029561762250657,0.0009025294411413194,0,0,50.0
PC3,clamp,-0.1,-9.951649447738195,0.0008925180793039133,0,0,50.0
PC3,clamp,-0.05,-9.946502249857023,0.0005934325689043768,0,0,15.0
PC3,clamp,0.0,-9.989389795401891,9.999999859862579e-05,0,1,15.0
PC3,clamp,0.05,-8.593052642022572,0.0,1,1,15.0
PC3,clamp,0.1,-8.76118927411376,0.0,1,1,15.0
PC3,clamp,0.15000000000000002,-8.985293717960285,0.0,1,1,15.0
PC3,clamp,0.2,-9.26722306662477,0.0,1,1,15.0
PC3,clamp,0.25,-9.640290892964998,0.0,1,1,15.0
PC3,clamp,0.30000000000000004,-10.063749853303994,0.0,1,1,15.0
PC3,clamp,0.35000000000000003,-10.519867555855576,0.0,1,1,15.0
PC3,clamp,0.4,-11.01896294244553,0.0,1,1,15.0
PC3,clamp,0.45,-11.572637044399082,0.0,1,1,15.0
PC3,clamp,0.5,-12.162841619326564,0.0,1,1,15.0
PC3,clamp,0.55,-12.809527332370184,0.0,1,1,15.0
PC3,clamp,0.6000000000000001,-13.466779707310323,0.0,1,1,15.0
PC3,clamp,0.65,-14.1475951786727,0.0,1,1,15.0
PC3,clamp,0.7000000000000001,-14.843556897388176,0.0,1,1,15.0
PC3,clamp,0.75,-15.55908039101386,0.0,1,1,15.0
PC3,clamp,0.8,-16.29135085511793,0.0,1,1,15.0
PC3,clamp,0.8500000000000001,-17.03942194574381,0.0,1,1,15.0
PC3,clamp,0.9,-17.798754878310373,0.0,1,1,15.0
PC3,clamp,0.9500000000000001,-18.568305280096038,0.0,1,1,15.0
PC3,clamp,1.0,-19.357766988760062,0.0,1,1,15.0
random3,clamp,-1.0,-14.026679265169324,0.000757625088147017,0,0,50.0
random3,clamp,-0.9500000000000001,-13.658432634420162,0.0007634908679716633,0,0,50.0
random3,clamp,-0.9,-13.309985995639304,0.0007693588958456348,0,0,50.0
random3,clamp,-0.8500000000000001,-12.976090529015963,0.000775226808103516,0,0,50.0
random3,clamp,-0.8,-12.656191234828604,0.00078109211619554,0,0,50.0
random3,clamp,-0.75,-12.350519638030196,0.0007869522018513487,0,0,50.0
random3,clamp,-0.7000000000000001,-12.060723722689227,0.0007928043121540698,0,0,50.0
random3,clamp,-0.65,-11.790787954322568,0.0007986455545337588,0,0,50.0
random3,clamp,-0.6000000000000001,-11.54060727544605,0.0008044728916550756,0,0,50.0
random3,clamp,-0.55,-11.294488408952375,0.000810283136368964,0,0,50.0
random3,clamp,-0.5,-11.079431441801173,0.0008160729464100285,0,0,50.0
random3,clamp,-0.45,-10.883944283315522,0.0008218388192644964,0,0,50.0
random3,clamp,-0.4,-10.7079207712273,0.0008275770869187773,0,0,50.0
random3,clamp,-0.35000000000000003,-10.547720638146892,0.0008332839106843401,0,0,50.0
random3,clamp,-0.30000000000000004,-10.40462097104621,0.0008389552759345421,0,0,50.0
random3,clamp,-0.25,-10.2762074523129,0.0008445869870715708,0,0,50.0
random3,clamp,-0.2,-10.194912545793324,0.0008501746624440721,0,0,50.0
random3,clamp,-0.15000000000000002,-10.135372332560063,0.0008557137294439123,0,0,50.0
random3,clamp,-0.1,-10.090055645435749,0.0008611994197406632,0,0,50.0
random3,clamp,-0.05,-9.99585712432145,0.0008014544223511751,0,0,15.0
random3,clamp,0.0,-9.989389795401891,9.999999859862579e-05,0,1,15.0
random3,clamp,0.05,-8.438686186986029,0.0,1,1,15.0
random3,clamp,0.1,-8.472391367818208,0.0,1,1,15.0
random3,clamp,0.15000000000000002,-8.519267819464021,0.0,1,1,15.0
random3,clamp,0.2,-8.577063855659752,0.0,1,1,15.0
random3,clamp,0.25,-8.65364170136013,0.0,1,1,15.0
random3,clamp,0.30000000000000004,-8.73836819098109,0.0,1,1,15.0
random3,clamp,0.35000000000000003,-8.829686220210204,0.0,1,1,15.0
random3,clamp,0.4,-8.926873471376537,0.0,1,1,15.0
random3,clamp,0.45,-9.028707400306953,0.0,1,1,15.0
random3,clamp,0.5,-9.141036422639736,0.0,1,1,15.0
random3,clamp,0.55,-9.258460808128696,0.0,1,1,15.0
random3,clamp,0.6000000000000001,-9.370194062327572,0.0,1,1,15.0
random3,clamp,0.65,-9.498565073550209,0.0,1,1,15.0
random3,clamp,0.7000000000000001,-9.634577969125452,0.0,1,1,15.0
random3,clamp,0.75,-9.782958505281439,0.0,1,1,15.0
random3,clamp,0.8,-9.940549288043009,0.0,1,1,15.0
random3,clamp,0.8500000000000001,-10.1047550962796,0.0,1,1,15.0
random3,clamp,0.9,-10.27545745179518,0.0,1,1,15.0
random3,clamp,0.9500000000000001,-10.44655451311426,0.0,1,1,15.0
random3,clamp,1.0,-10.620748488729674,0.0,1,1,15.0
