variant,A_ETC_level,A_ETC_over_Astar,A_ETC_nm2_per_gDW,strain,role,growth_scale,peak_mu_model,peak_mu,peak_T_C,Topt_C,rmax,CTmax_C,CTmin_C,Ea_eV,thermal_limit_C,mu_40C,fit_r2,plateau_1pct_width_C,plateau_0p01pct_width_C
full,unconstrained,inf,,cauris_iRV973,calibrate_on,7.670305186259772,0.10414187970394363,0.7988000000000002,38.0,38.0,0.7988000000000002,53.581614160250915,19.26367349461628,1.3051498774056882,53.46923828125,0.7836018748547872,0.2538990798225489,2.5,0.0
full,unconstrained,inf,,chaemulonii_draft,predict,7.670305186259772,0.089429831049868,0.6859540969081377,39.0,39.0,0.6859540969081377,53.28591540854178,20.542381319917382,1.3175642630904294,53.0885009765625,0.683952968836741,-2.0320977045911346,2.5,0.5
full,unconstrained,inf,,cduobushaemulonii_draft,predict,7.670305186259772,0.0737966774464783,0.566043037746462,36.0,36.0,0.566043037746462,53.91251136509637,17.17408371082257,1.2652379126173372,53.672607421875,0.5352716819545037,-0.3033291943772096,3.0,0.0
full,unconstrained,inf,,cparapsilosis_iDC1003,predict,7.670305186259772,0.08602350093034462,0.6598265053262447,37.0,37.0,0.6598265053262447,53.290688832309314,17.41664986598771,1.1474923956851237,53.0772705078125,0.6367731845958543,-0.4319087381673885,2.5,0.0
full,3xA*,3.0,7.87103702951374e+17,cauris_iRV973,calibrate_on,7.670305186259753,0.104141879703944,0.798800000000001,38.0,38.0,0.798800000000001,53.581614160250915,19.26367349461622,1.305149877405828,53.46923828125,0.7836018748547849,0.2538990798224767,2.5,0.0
full,3xA*,3.0,7.87103702951374e+17,chaemulonii_draft,predict,7.670305186259753,0.08942983104986785,0.6859540969081349,39.0,39.0,0.6859540969081349,53.28591540854178,20.54238131991738,1.317564263090429,53.0885009765625,0.6839529688367393,-2.0320977045911084,2.5,0.5
full,3xA*,3.0,7.87103702951374e+17,cduobushaemulonii_draft,predict,7.670305186259753,0.07379667744647861,0.566043037746463,36.0,36.0,0.566043037746463,53.912511365096364,17.174083710822515,1.2652379126173074,53.672607421875,0.5352716819545038,-0.30332919437721606,3.0,0.0
full,3xA*,3.0,7.87103702951374e+17,cparapsilosis_iDC1003,predict,7.670305186259753,0.06768077950697494,0.5191322340624528,35.5,35.5,0.5191322340624528,53.14604460488406,16.811173170777028,1.1915323884076139,52.80401611328125,0.47217192795927543,0.06112634099769276,2.0,0.0
full,2xA*,2.0,5.2473580196758266e+17,cauris_iRV973,calibrate_on,7.670305186259775,0.1041418797039436,0.7988000000000002,38.0,38.0,0.7988000000000002,53.581614160250915,19.26367349461628,1.3051498774059747,53.46923828125,0.7836018748547872,0.2538990798223978,2.5,0.0
full,2xA*,2.0,5.2473580196758266e+17,chaemulonii_draft,predict,7.670305186259775,0.08942983104986783,0.6859540969081367,39.0,39.0,0.6859540969081367,53.28591540854178,20.542381319917375,1.317564263090429,53.0885009765625,0.6839529688367398,-2.0320977045911057,2.5,0.5
full,2xA*,2.0,5.2473580196758266e+17,cduobushaemulonii_draft,predict,7.670305186259775,0.07379667744647833,0.5660430377464625,36.0,36.0,0.5660430377464625,53.91251136509637,17.174083710822504,1.2652379126173177,53.672607421875,0.5352716819545049,-0.30332919437720296,3.0,0.0
full,2xA*,2.0,5.2473580196758266e+17,cparapsilosis_iDC1003,predict,7.670305186259775,0.06167345084249975,0.47305418985176306,35.0,35.0,0.47305418985176306,52.557879648007834,16.737999627081393,1.2078538705830466,51.9793701171875,0.4182486171361474,0.1024796335722864,2.0,0.0
full,1xA*,1.0,2.6236790098379133e+17,cauris_iRV973,calibrate_on,9.009679108312293,0.08870794180148273,0.7992300899902016,36.5,36.5,0.7992300899902016,53.65826614031294,18.8169821967904,1.4353825849556714,53.52569580078125,0.7620200568118721,0.47273288156061233,3.0,0.0
full,1xA*,1.0,2.6236790098379133e+17,chaemulonii_draft,predict,9.009679108312293,0.0847795602566286,0.7638366328560499,38.5,38.5,0.7638366328560499,53.30286165843546,20.375445991814672,1.3426912485732392,53.14154052734375,0.7547856517721686,-2.469524823582146,2.0,0.0
full,1xA*,1.0,2.6236790098379133e+17,cduobushaemulonii_draft,predict,9.009679108312293,0.07168885736905485,0.6458936005367533,35.5,35.5,0.6458936005367533,53.920317700270054,17.101763158058198,1.3582293118136994,53.73541259765625,0.6065199565233959,-0.4885916063439739,3.0,0.5
full,1xA*,1.0,2.6236790098379133e+17,cparapsilosis_iDC1003,predict,9.009679108312293,0.05514321656560611,0.49682268625628173,34.5,34.5,0.49682268625628173,51.205084823370036,17.289739531481118,1.288490102457936,50.57684326171875,0.424945167876977,0.1766034243306266,2.0,0.0
full,0.7xA*,0.7,1.8365753068865392e+17,cauris_iRV973,calibrate_on,10.815237830220433,0.07385875489191523,0.79880000000002,36.0,36.0,0.79880000000002,53.44644781602929,18.316719500833166,1.3950808641043273,53.356201171875,0.744694368659315,0.6270453622077985,2.5,0.0
full,0.7xA*,0.7,1.8365753068865392e+17,chaemulonii_draft,predict,10.815237830220433,0.07155125739468278,0.7738438657748127,38.0,38.0,0.7738438657748127,52.98657086905801,19.86314893247251,1.3738250089004926,52.91064453125,0.7538383941089184,-2.3277286353173476,2.0,0.0
full,0.7xA*,0.7,1.8365753068865392e+17,cduobushaemulonii_draft,predict,10.815237830220433,0.06359129559766616,0.6877549858206091,34.5,34.5,0.6877549858206091,53.27184635175415,16.791247993479384,1.4033550397456716,53.11065673828125,0.6221770930379996,-0.46720197658121587,3.0,0.0
full,0.7xA*,0.7,1.8365753068865392e+17,cparapsilosis_iDC1003,predict,10.815237830220433,0.053050098663978154,0.5737494339675829,34.5,34.5,0.5737494339675829,50.710356174666366,17.49394961958505,1.3221779406001752,50.26519775390625,0.4858379127100353,0.19805203722264875,2.0,0.0
full,0.5xA*,0.5,1.3118395049189566e+17,cauris_iRV973,calibrate_on,12.656433111066372,0.06321973954727131,0.8001364048790768,35.5,35.5,0.8001364048790768,53.01573665342763,17.90351207790782,1.3728486032469858,52.93707275390625,0.7260257746924494,0.7325873742944231,2.5,0.0
full,0.5xA*,0.5,1.3118395049189566e+17,chaemulonii_draft,predict,12.656433111066372,0.06280988461348917,0.7949491033244226,37.5,37.5,0.7949491033244226,52.45104560646024,19.48267762597263,1.313787994496128,52.38739013671875,0.7634258843593126,-2.328615762281049,2.0,0.0
full,0.5xA*,0.5,1.3118395049189566e+17,cduobushaemulonii_draft,predict,12.656433111066372,0.057266739661995844,0.724792660020902,34.0,34.0,0.724792660020902,52.42347381999046,16.533967970286593,1.370795646329045,52.3271484375,0.6431095485493373,-0.5349471661462952,2.5,0.0
full,0.5xA*,0.5,1.3118395049189566e+17,cparapsilosis_iDC1003,predict,12.656433111066372,0.05153264206849918,0.6522194373764849,34.5,34.5,0.6522194373764849,50.38146148106943,17.619712370645036,1.3446111442052642,50.07550048828125,0.5492377205572521,0.11418377939043856,2.0,0.0
full,0.35xA*,0.35,9.182876534432696e+16,cauris_iRV973,calibrate_on,14.697631863596737,0.05463854371110686,0.8030572010288872,35.0,35.0,0.8030572010288872,51.956038215157506,17.66154858691758,1.344781862026426,51.8585205078125,0.7046602776821712,0.8088024202331663,2.0,0.0
full,0.35xA*,0.35,9.182876534432696e+16,chaemulonii_draft,predict,14.697631863596737,0.05632232630246322,0.827804817694976,37.0,37.0,0.827804817694976,51.87787405839646,19.24653679343728,1.3198766564560152,51.8350830078125,0.7831260333684479,-2.4697377553109336,2.0,0.0
full,0.35xA*,0.35,9.182876534432696e+16,cduobushaemulonii_draft,predict,14.697631863596737,0.052531608385124204,0.7720902412471871,34.0,34.0,0.7720902412471871,51.83224241103031,16.419520034411494,1.354448984329292,51.7666015625,0.6728081331239719,-0.6906758230989607,2.5,0.0
full,0.35xA*,0.35,9.182876534432696e+16,cparapsilosis_iDC1003,predict,14.697631863596737,0.050204340123556165,0.7378849090908273,34.5,34.5,0.7378849090908273,50.135643160345886,17.795481508549283,1.370144596353339,49.94000244140625,0.6179859311485749,-0.09596502549161379,2.0,0.0
full,0.2xA*,0.2,5.247358019675827e+16,cauris_iRV973,calibrate_on,17.416060485948986,0.04596278910558335,0.8004907151657568,34.5,34.5,0.8004907151657568,50.000838767325966,17.93855312043165,1.4198953073571188,49.87225341796875,0.6705931791575797,0.8798249550105687,2.0,0.0
full,0.2xA*,0.2,5.247358019675827e+16,chaemulonii_draft,predict,17.416060485948986,0.04991024919242257,0.869239918804018,37.0,37.0,0.869239918804018,51.229056229682314,19.383574138547292,1.3727559271598984,51.1751708984375,0.8054184279901027,-2.6664217006837894,1.5,0.0
full,0.2xA*,0.2,5.247358019675827e+16,cduobushaemulonii_draft,predict,17.416060485948986,0.047796477108252446,0.8324263363326007,34.0,34.0,0.8324263363326007,51.19790262562334,16.69790767046658,1.398935613339951,51.1513671875,0.7095374750665306,-0.9309519615301649,2.5,0.0
full,0.2xA*,0.2,5.247358019675827e+16,cparapsilosis_iDC1003,predict,17.416060485948986,0.04887596806990304,0.8512268162147426,34.5,34.5,0.8512268162147426,49.88760690895252,18.159010535607578,1.3336647437117706,49.79095458984375,0.7078053062075269,-0.5463654710880217,2.0,0.0
full,0.1xA*,0.1,2.6236790098379136e+16,cauris_iRV973,calibrate_on,19.865577784647723,0.040223185759984625,0.7990568254613092,34.5,34.5,0.7990568254613092,48.534182347981385,18.167633003506936,1.4412751552906005,48.42242431640625,0.6398960527129569,0.9078348329391867,2.0,0.0
full,0.1xA*,0.1,2.6236790098379136e+16,chaemulonii_draft,predict,19.865577784647723,0.04570702649768986,0.9079964901948124,36.5,36.5,0.9079964901948124,50.71401936414408,19.50111818503948,1.3848049141608605,50.69134521484375,0.8255056231474697,-2.8703067122733166,2.0,0.0
full,0.1xA*,0.1,2.6236790098379136e+16,cduobushaemulonii_draft,predict,19.865577784647723,0.04464377733917197,0.8868744313318141,33.5,33.5,0.8868744313318141,50.68769122313437,16.925467573444703,1.3740183121123983,50.65277099609375,0.74263349153701,-1.193370854734468,2.5,0.5
full,0.1xA*,0.1,2.6236790098379136e+16,cparapsilosis_iDC1003,predict,19.865577784647723,0.04733772089891077,0.9403911766652561,34.5,34.5,0.9403911766652561,49.728310977002785,18.50836096733946,1.3768675722292854,49.69610595703125,0.7828034973638729,-1.0672912627134754,2.0,0.0
full,0.05xA*,0.05,1.3118395049189568e+16,cauris_iRV973,calibrate_on,21.368269690513703,0.037382530807043214,0.7987999999988362,34.0,34.0,0.7987999999988362,47.77335924979024,18.305945374424407,1.456058655755608,47.6650390625,0.6210644553729835,0.9074378320397684,2.0,0.0
full,0.05xA*,0.05,1.3118395049189568e+16,chaemulonii_draft,predict,21.368269690513703,0.04361463196002555,0.9319692181743243,36.5,36.5,0.9319692181743243,50.41633925411446,19.559397388456233,1.3440971847784413,50.40399169921875,0.8378284042865076,-3.0078892192607736,2.0,0.0
full,0.05xA*,0.05,1.3118395049189568e+16,cduobushaemulonii_draft,predict,21.368269690513703,0.04307733990722208,0.92048821668745,33.5,33.5,0.92048821668745,50.397867482808614,17.050203795698174,1.3934040927160183,50.37689208984375,0.7629367227452145,-1.3758947799110715,2.5,0.0
full,0.05xA*,0.05,1.3118395049189568e+16,cparapsilosis_iDC1003,predict,21.368269690513703,0.04637037025274758,0.9908545772096844,34.5,34.5,0.9908545772096844,49.64989568104058,18.678680679785728,1.3273851306099311,49.64190673828125,0.8251861127142569,-1.4160375262615963,2.0,0.0
full,0xA*,0.0,0.0,cauris_iRV973,calibrate_on,23.116901475292437,0.03455480401878149,0.7988000000002109,34.0,34.0,0.7988000000002109,47.001309225828145,18.497944412736736,1.4626401667856082,46.8994140625,0.5991507619982086,0.8895046387454502,2.0,0.0
full,0xA*,0.0,0.0,chaemulonii_draft,predict,23.116901475292437,0.04152223742236095,0.9598654715264187,36.5,36.5,0.9598654715264187,50.11475610802927,19.623529092578607,1.3927345202692027,50.07745361328125,0.8521680082315665,-3.1799616158337,1.5,0.0
full,0xA*,0.0,0.0,cduobushaemulonii_draft,predict,23.116901475292437,0.04151090247527196,0.9596034426713349,33.5,33.5,0.9596034426713349,50.074883328631785,17.175962386781997,1.4147721001191937,50.05963134765625,0.786562906721123,-1.6089112575850093,2.5,0.0
full,0xA*,0.0,0.0,cparapsilosis_iDC1003,predict,23.116901475292437,0.045403019606584626,1.0495771309261877,34.5,34.5,1.0495771309261877,49.56722108739331,18.885484322687706,1.3705419077888557,49.58770751953125,0.8739425564146716,-1.8720976011150117,2.0,0.0
chain_only,unconstrained,inf,,cauris_iRV973,calibrate_on,7.670305186259772,0.10414187970394362,0.7988000000000001,38.0,38.0,0.7988000000000001,53.581614160250915,19.26367349461621,1.3051498774059005,53.46923828125,0.7836018748547868,0.25389907982242343,2.5,0.0
chain_only,unconstrained,inf,,chaemulonii_draft,predict,7.670305186259772,0.08942983104986783,0.6859540969081365,39.0,39.0,0.6859540969081365,53.28591540854178,20.542381319917382,1.317564263090429,53.0885009765625,0.6839529688367397,-2.032097704591103,2.5,0.5
chain_only,unconstrained,inf,,cduobushaemulonii_draft,predict,7.670305186259772,0.07379667744647893,0.5660430377464669,36.0,36.0,0.5660430377464669,53.912511365096364,17.174083710822593,1.265237912617328,53.672607421875,0.5352716819545043,-0.30332919437722183,3.0,0.0
chain_only,unconstrained,inf,,cparapsilosis_iDC1003,predict,7.670305186259772,0.0860235009303451,0.6598265053262483,37.0,37.0,0.6598265053262483,53.29068883230932,17.4166498659863,1.14749239568508,53.0772705078125,0.6367731845958593,-0.43190873816739117,2.5,0.0
chain_only,3xA*,3.0,7.87103702951374e+17,cauris_iRV973,calibrate_on,7.670305186259769,0.10414187970394363,0.7987999999999998,38.0,38.0,0.7987999999999998,53.58161416126337,19.26367387594482,1.3051499730384428,53.46923828125,0.7836018748547869,0.25389834912752707,2.5,0.0
chain_only,3xA*,3.0,7.87103702951374e+17,chaemulonii_draft,predict,7.670305186259769,0.08942950998142198,0.6859516342151708,39.0,39.0,0.6859516342151708,53.285916578560986,20.542370701886895,1.317564254329061,53.0885009765625,0.6839480597188036,-2.0320876943855772,2.5,0.5
chain_only,3xA*,3.0,7.87103702951374e+17,cduobushaemulonii_draft,predict,7.670305186259769,0.07379667744647844,0.5660430377464629,36.0,36.0,0.5660430377464629,53.91251136509637,17.174083710822543,1.2652379126173268,53.672607421875,0.5352716819545019,-0.30332919437718386,3.0,0.0
chain_only,3xA*,3.0,7.87103702951374e+17,cparapsilosis_iDC1003,predict,7.670305186259769,0.07213229903352739,0.5532767473737057,35.5,35.5,0.5532767473737057,53.27415798647496,16.97666310932856,1.1903701612750728,52.97698974609375,0.5122348806269181,-0.016964219023445803,2.5,0.0
chain_only,2xA*,2.0,5.2473580196758266e+17,cauris_iRV973,calibrate_on,7.67030518625975,0.10414187970394354,0.7987999999999971,38.0,38.0,0.7987999999999971,53.581614160250915,19.263673875948847,1.305149973039321,53.46923828125,0.7836018748547842,0.2538983491271516,2.5,0.0
chain_only,2xA*,2.0,5.2473580196758266e+17,chaemulonii_draft,predict,7.67030518625975,0.08942950998142199,0.6859516342151691,39.0,39.0,0.6859516342151691,53.285916578560986,20.542370981206975,1.3175642543290607,53.0885009765625,0.6839480597188028,-2.0320876943855657,2.5,0.5
chain_only,2xA*,2.0,5.2473580196758266e+17,cduobushaemulonii_draft,predict,7.67030518625975,0.07379667744647868,0.5660430377464634,36.0,36.0,0.5660430377464634,53.912511365096364,17.17408943128548,1.2652407449166303,53.672607421875,0.535271681954502,-0.3033291943772112,3.0,0.0
chain_only,2xA*,2.0,5.2473580196758266e+17,cparapsilosis_iDC1003,predict,7.67030518625975,0.06505419422373865,0.4989855233422916,35.5,35.5,0.4989855233422916,52.92850038912316,16.71352708958071,1.1837789399240153,52.51129150390625,0.4495474620771884,0.07974056339982005,2.5,0.0
chain_only,1xA*,1.0,2.6236790098379133e+17,cauris_iRV973,calibrate_on,7.670305186259772,0.1041418797039436,0.7988,38.0,38.0,0.7988,53.58161416167648,19.263673838181973,1.305149973038964,53.46923828125,0.7836018748547865,0.2538983491274531,2.5,0.0
chain_only,1xA*,1.0,2.6236790098379133e+17,chaemulonii_draft,predict,7.670305186259772,0.08942950998142217,0.6859516342151725,39.0,39.0,0.6859516342151725,53.285916586802315,20.542370981206982,1.317564254329062,53.0885009765625,0.6839480597188036,-2.032087694385582,2.5,0.5
chain_only,1xA*,1.0,2.6236790098379133e+17,cduobushaemulonii_draft,predict,7.670305186259772,0.0737966774464787,0.5660430377464651,36.0,36.0,0.5660430377464651,53.912511365096364,17.174089431285573,1.2652407449166496,53.672607421875,0.5352716819545046,-0.3033291943772123,3.0,0.0
chain_only,1xA*,1.0,2.6236790098379133e+17,cparapsilosis_iDC1003,predict,7.670305186259772,0.05761356115488008,0.44191359692517124,35.0,35.0,0.44191359692517124,51.60661291611576,17.058103033889104,1.2925045156041193,50.8245849609375,0.38249832918783466,0.09560952694305214,2.0,0.0
chain_only,0.7xA*,0.7,1.8365753068865392e+17,cauris_iRV973,calibrate_on,7.670305186259775,0.1041418797039436,0.7988000000000002,38.0,38.0,0.7988000000000002,53.58161416166697,19.263673875947713,1.3051499730391343,53.46923828125,0.7836018748547869,0.2538983491272664,2.5,0.0
chain_only,0.7xA*,0.7,1.8365753068865392e+17,chaemulonii_draft,predict,7.670305186259775,0.089429509981422,0.6859516342151715,39.0,39.0,0.6859516342151715,53.285916586802315,20.54237098120698,1.317564254329062,53.0885009765625,0.6839480597188038,-2.032087694385573,2.5,0.5
chain_only,0.7xA*,0.7,1.8365753068865392e+17,cduobushaemulonii_draft,predict,7.670305186259775,0.07379667744647866,0.566043037746465,36.0,36.0,0.566043037746465,53.912511365096364,17.17408943128537,1.2652407449166152,53.672607421875,0.5352716819545119,-0.3033291943772274,3.0,0.0
chain_only,0.7xA*,0.7,1.8365753068865392e+17,cparapsilosis_iDC1003,predict,7.670305186259775,0.05501277535788975,0.4219647761381657,34.5,34.5,0.4219647761381657,51.01514300255545,17.2079337335164,1.3197308720659742,50.17034912109375,0.36117560836796136,0.07936314572679304,2.0,0.0
chain_only,0.5xA*,0.5,1.3118395049189566e+17,cauris_iRV973,calibrate_on,7.670305186259744,0.10414187970394401,0.7988000000000001,38.0,38.0,0.7988000000000001,53.58161416129078,19.26367387594771,1.3051499730393425,53.46923828125,0.7836018748547838,0.25389834912719167,2.5,0.0
chain_only,0.5xA*,0.5,1.3118395049189566e+17,chaemulonii_draft,predict,7.670305186259744,0.08942950998142195,0.6859516342151682,39.0,39.0,0.6859516342151682,53.285916586802315,20.54237098120698,1.3175642543290627,53.0885009765625,0.6839480597188007,-2.032087694385572,2.5,0.5
chain_only,0.5xA*,0.5,1.3118395049189566e+17,cduobushaemulonii_draft,predict,7.670305186259744,0.0737966774464783,0.56604303774646,36.0,36.0,0.56604303774646,53.91251136509637,17.174089431285317,1.2652407449166228,53.672607421875,0.5352716819545021,-0.3033291943772125,3.0,0.0
chain_only,0.5xA*,0.5,1.3118395049189566e+17,cparapsilosis_iDC1003,predict,7.670305186259744,0.053274283321519636,0.40863001165532303,34.5,34.5,0.40863001165532303,50.60190602559901,17.319793496078834,1.2811027757574869,49.75030517578125,0.3469416517748549,0.061722877226263906,2.0,0.0
chain_only,0.35xA*,0.35,9.182876534432696e+16,cauris_iRV973,calibrate_on,7.670305186259772,0.10414187970394359,0.7987999999999998,38.0,38.0,0.7987999999999998,53.581614160250915,19.2636738759477,1.305149973038873,53.46923828125,0.7836018748547868,0.25389834912740383,2.5,0.0
chain_only,0.35xA*,0.35,9.182876534432696e+16,chaemulonii_draft,predict,7.670305186259772,0.08942950998142198,0.685951634215171,39.0,39.0,0.685951634215171,53.285916578560986,20.542370911572384,1.3175642543290624,53.0885009765625,0.6839480597188036,-2.032087694385574,2.5,0.5
chain_only,0.35xA*,0.35,9.182876534432696e+16,cduobushaemulonii_draft,predict,7.670305186259772,0.07379667744647839,0.5660430377464627,36.0,36.0,0.5660430377464627,53.91251136509637,17.174089431285253,1.2652407449166145,53.672607421875,0.5352716819545037,-0.30332919437721517,3.0,0.0
chain_only,0.35xA*,0.35,9.182876534432696e+16,cparapsilosis_iDC1003,predict,7.670305186259772,0.05195258148765323,0.39849215522432996,34.5,34.5,0.39849215522432996,50.293254418041805,31.525941317317177,1.3405780276362815,49.43865966796875,0.3360273772438282,0.04523832716635057,2.0,0.0
chain_only,0.2xA*,0.2,5.247358019675827e+16,cauris_iRV973,calibrate_on,7.670305186259776,0.10414187970394347,0.7987999999999993,38.0,38.0,0.7987999999999993,53.581614161263374,19.263673875947624,1.3051499730390017,53.46923828125,0.7836018748547879,0.2538983491273197,2.5,0.0
chain_only,0.2xA*,0.2,5.247358019675827e+16,chaemulonii_draft,predict,7.670305186259776,0.08942950998142196,0.6859516342151714,39.0,39.0,0.6859516342151714,53.285916586802315,20.542370771521483,1.3175642543290627,53.0885009765625,0.6839480597188033,-2.0320876943855715,2.5,0.5
chain_only,0.2xA*,0.2,5.247358019675827e+16,cduobushaemulonii_draft,predict,7.670305186259776,0.07379667744647829,0.5660430377464623,36.0,36.0,0.5660430377464623,53.91251136509637,17.174083710822583,1.2652379126173285,53.672607421875,0.5352716819545029,-0.30332919437720607,3.0,0.0
chain_only,0.2xA*,0.2,5.247358019675827e+16,cparapsilosis_iDC1003,predict,7.670305186259776,0.05049574385439172,0.38731776597038603,34.5,34.5,0.38731776597038603,49.98317278446362,17.50148739699157,1.3006388837895326,49.11346435546875,0.32480714266341365,0.019482466625901917,2.0,0.0
chain_only,0.1xA*,0.1,2.6236790098379136e+16,cauris_iRV973,calibrate_on,7.670305186259767,0.10414187970394319,0.7987999999999962,38.0,38.0,0.7987999999999962,53.58161416025092,19.26367387594723,1.3051499730390694,53.46923828125,0.7836018748547864,0.2538983491273489,2.5,0.0
chain_only,0.1xA*,0.1,2.6236790098379136e+16,chaemulonii_draft,predict,7.670305186259767,0.08942950998142188,0.6859516342151698,39.0,39.0,0.6859516342151698,53.285916586802315,20.542371185523244,1.317564254329062,53.0885009765625,0.6839480597188018,-2.032087694385561,2.5,0.5
chain_only,0.1xA*,0.1,2.6236790098379136e+16,cduobushaemulonii_draft,predict,7.670305186259767,0.07379667744647905,0.5660430377464675,36.0,36.0,0.5660430377464675,53.912511365096364,17.174089431285367,1.2652407449166092,53.672607421875,0.5352716819545044,-0.3033291943772185,3.0,0.0
chain_only,0.1xA*,0.1,2.6236790098379136e+16,cparapsilosis_iDC1003,predict,7.670305186259767,0.0495209032406803,0.3798404409552582,34.5,34.5,0.3798404409552582,49.77988490822008,17.5559081389148,1.3019905384233004,48.89666748046875,0.31689683072553965,-0.002367185230338187,2.0,0.0
chain_only,0.05xA*,0.05,1.3118395049189568e+16,cauris_iRV973,calibrate_on,7.670305186259799,0.10414187970394315,0.7987999999999992,38.0,38.0,0.7987999999999992,53.581614160250915,19.26367387594557,1.305149973038874,53.46923828125,0.7836018748547899,0.2538983491272825,2.5,0.0
chain_only,0.05xA*,0.05,1.3118395049189568e+16,chaemulonii_draft,predict,7.670305186259799,0.08942950998142157,0.6859516342151704,39.0,39.0,0.6859516342151704,53.285916578560986,20.542370981206968,1.3175642543290629,53.0885009765625,0.6839480597188025,-2.032087694385569,2.5,0.5
chain_only,0.05xA*,0.05,1.3118395049189568e+16,cduobushaemulonii_draft,predict,7.670305186259799,0.07379667744647865,0.5660430377464667,36.0,36.0,0.5660430377464667,53.912511365096364,17.174089431285605,1.265240744916624,53.672607421875,0.5352716819545055,-0.30332919437721984,3.0,0.0
chain_only,0.05xA*,0.05,1.3118395049189568e+16,cparapsilosis_iDC1003,predict,7.670305186259799,0.04903348293382543,0.37610177844770254,34.5,34.5,0.37610177844770254,49.67680835735483,17.58415136648868,1.307982064200569,48.78826904296875,0.3129416747565991,-0.015870500740202242,2.0,0.0
chain_only,0xA*,0.0,0.0,cauris_iRV973,calibrate_on,7.670450345015818,0.10413990888019437,0.7988000000000027,38.0,38.0,0.7988000000000027,53.58050744458667,19.263620228630256,1.3051499730391245,53.46923828125,0.7835964640468108,0.2539566097416083,2.5,0.0
chain_only,0xA*,0.0,0.0,chaemulonii_draft,predict,7.670450345015818,0.08942950998142193,0.6859646156915934,39.0,39.0,0.6859646156915934,53.28575804493334,20.54237098120698,1.3175642543290609,53.0885009765625,0.683961003278041,-2.0321217191178667,2.5,0.5
chain_only,0xA*,0.0,0.0,cduobushaemulonii_draft,predict,7.670450345015818,0.07379419297034685,0.5660346929295609,36.0,36.0,0.5660346929295609,53.912509492007075,17.174004187062284,1.265216499826305,53.672607421875,0.5352583484516309,-0.3032758625400256,3.0,0.0
chain_only,0xA*,0.0,0.0,cparapsilosis_iDC1003,predict,7.670450345015818,0.048497274629133495,0.3719959369113639,34.5,34.5,0.3719959369113639,49.571781471564755,17.645300190797737,1.3270283171719681,48.66632080078125,0.3086726391018961,-0.03065637719486447,2.0,0.0
